빈도 순위	혼성어	X	Y	등재 여부	2009	2010	2011	2012	2013	2014	2015	2016	2017	2018	2019	2020	2021	2022	합계	누적비율
1	오피스텔	오피스	호텔	등재	2113	4029	5222	6448	5112	5725	8452	7255	6348	6394	6442	15598	13038	12727	104903	18.99%
2	네티즌	인터넷	시티즌	등재	4580	5940	7256	4991	4564	10204	7495	1867	1718	1323	3748	6337	4618	4850	69491	31.57%
3	블로그	웹	로그	등재	4180	5130	5732	4793	3773	4203	3617	3250	2753	2537	3517	4822	5145	4390	57842	42.04%
4	언택트	언(un-)	컨택트	등재	0	0	0	0	0	0	0	0	5	84	71	22242	8504	1501	32407	47.90%
5	패럴림픽	패럴플레직(paraplegic)	올림픽	등재	53	349	128	664	178	337	220	1119	1534	5233	804	873	3819	1509	16820	50.95%
6	빅테크	빅	테크놀로지	등재	0	0	0	0	10	0	0	1	0	4	77	2623	6022	7173	15910	53.83%
7	레포츠	레저	스포츠	등재	1233	1080	1013	1027	1007	725	909	1020	956	760	1397	858	1576	1349	14910	56.53%
8	스포크	스푼	포크	등재	74	53	57	44	85	89	117	120	130	79	542	2248	5104	4946	13688	59.00%
9	어른이	어른	어린이	등재	1109	785	793	821	711	793	797	949	840	1039	841	758	557	701	11494	61.09%
10	이모티콘	이모션	아이콘	등재	78	69	57	207	132	307	702	836	647	952	860	1104	1938	2358	10247	62.94%
11	브런치	브랙퍼스트	런치	등재	308	494	608	512	398	377	842	787	694	547	718	645	778	687	8395	64.46%
12	인포테인먼트	인포메이션	엔터테인먼트	등재	68	110	139	147	222	211	398	526	571	580	492	1513	1715	1657	8349	65.97%
13	혼여행	혼자	여행		508	603	555	526	524	460	590	550	544	495	589	581	445	795	7765	67.38%
14	기프티콘	기프트	아이콘		189	156	180	217	275	315	358	536	447	401	589	1027	1534	1500	7724	68.77%
15	에듀테크	에듀케이션	테크놀로지	등재	3	1	0	3	1	2	3	114	125	232	646	2052	1760	1783	6725	69.99%
16	소개팅	소개	미팅	등재	277	443	614	520	391	476	354	445	312	404	683	610	374	578	6481	71.16%
17	온택트	온(on)	컨택트		0	0	0	0	0	0	0	0	0	0	0	3048	2648	394	6090	72.27%
18	아스콘	아스팔트	콘크리트	등재	503	184	322	242	249	255	195	289	530	299	492	423	757	664	5404	73.25%
19	호캉스	호텔	바캉스	등재	0	1	0	0	0	1	2	35	71	237	578	1200	1179	1492	4796	74.11%
20	스태그플레이션	스태그	인플레이션	등재	97	42	217	101	37	30	17	28	50	109	17	30	648	3212	4635	74.95%
21	플로깅	플로카업(plocka upp)	조깅	등재	0	0	0	0	0	0	0	0	0	12	60	222	1592	2316	4202	75.71%
22	웨비나	웹	세미나	등재	0	0	2	0	0	0	0	13	12	0	25	1391	1653	1062	4158	76.47%
23	주테크	주(酒)	재테크	등재	58	56	141	123	85	97	151	188	98	119	1011	427	689	646	3889	77.17%
24	글램핑	글래머러스	캠핑	등재	1	0	19	131	227	471	544	262	291	299	224	345	430	594	3838	77.86%
25	관피아	관료	마피아	등재	0	0	0	0	0	2182	420	433	262	88	41	205	91	76	3798	78.55%
26	글로컬	글로벌	로컬	등재	127	94	166	194	129	183	247	263	269	192	499	363	595	468	3789	79.24%
27	스모그	스모크	포그	등재	42	72	58	53	826	567	488	334	316	300	212	116	100	99	3583	79.89%
28	콜라텍	콜라	디스코텍		9	10	12	52	26	44	35	11	17	13	12	1713	1427	91	3472	80.51%
29	푸드테크	푸드	테크놀로지	등재	0	0	4	0	0	0	93	60	149	110	236	487	874	1190	3203	81.09%
30	편스토랑	편의점	레스토랑		0	0	0	0	0	0	0	0	0	0	295	1962	426	372	3055	81.65%
31	어테크	어(魚)	재테크		39	141	59	34	61	23	49	31	74	140	401	727	490	635	2904	82.17%
32	프롭테크	프로퍼티(property)	재테크	등재	0	0	0	0	0	0	0	0	1	61	244	721	804	940	2771	82.67%
33	워케이션	워크	베이케이션	등재	0	0	0	0	0	0	1	0	30	0	0	28	432	2010	2501	83.13%
34	홈퍼니	홈	컴퍼니	등재	16	20	11	7	8	18	56	75	343	360	222	664	373	286	2459	83.57%
35	키덜트	키즈	어덜트	등재	17	24	12	27	65	217	401	308	456	217	122	151	111	204	2332	83.99%
36	숲세권	숲	역세권	등재	0	0	0	0	0	5	35	108	200	170	316	513	267	344	1958	84.35%
37	린스타	리얼	인스타		339	336	100	142	166	38	55	66	23	18	136	87	121	158	1785	84.67%
38	모피아	모(MOF)	마피아		77	27	132	185	369	244	29	54	101	57	33	146	55	188	1697	84.98%
39	학세권	학원	역세권	등재	0	0	0	0	0	0	14	41	65	95	176	466	251	390	1498	85.25%
40	아파텔	아파트	호텔	등재	1	3	5	10	4	5	206	274	196	130	108	181	174	118	1415	85.51%
41	프로슈머	프로듀서(producer)	컨슈머	등재	195	88	54	70	79	36	91	158	99	50	93	70	124	107	1314	85.74%
42	에어텔	에어	호텔		95	31	99	30	68	134	162	122	111	68	34	29	87	241	1311	85.98%
43	해피아	해양수산부	마피아		28	38	50	35	38	234	87	140	80	74	87	54	89	86	1120	86.18%
44	기레기	기자	쓰레기	등재	0	0	0	0	1	184	99	87	123	112	173	128	175	21	1103	86.38%
45	휴테크	휴(休)	테크놀로지	등재	25	13	11	9	3	23	23	6	18	18	114	316	274	227	1080	86.58%
46	트윈데믹	트윈	팬데믹		0	0	0	0	0	0	0	0	0	0	0	452	98	514	1064	86.77%
47	요린이	요리	어린이		0	0	0	0	0	0	0	0	0	0	1	944	97	19	1061	86.96%
48	노테크	노(老)	재테크	등재	85	62	42	57	46	38	31	54	52	46	84	118	131	203	1049	87.15%
49	에듀테인먼트	에듀케이션	엔터테인먼트		107	75	92	98	67	46	54	77	63	31	71	67	103	76	1027	87.34%
50	고시텔	고시원	호텔	등재	66	76	106	56	113	31	38	36	47	63	36	46	136	175	1025	87.53%
51	그렉시트	그리스	엑시트	등재	0	0	0	141	6	4	771	49	10	7	5	0	0	1	994	87.71%
52	펫티켓	펫	에티켓	등재	0	0	3	1	0	0	0	1	72	78	90	99	256	355	955	87.88%
53	짜파구리	짜파게티	너구리		6	0	1	11	248	51	17	6	11	10	30	409	86	59	945	88.05%
54	홈캉스	홈	바캉스	등재	7	7	5	0	3	7	1	24	14	75	96	348	274	60	921	88.22%
55	곱버스	곱	인버스		0	0	0	0	0	0	0	0	0	0	0	299	359	262	920	88.38%
56	공민지	공무원	민지		43	41	38	86	90	40	6	165	242	30	16	54	17	41	909	88.55%
57	세테크	세금	재테크	등재	93	82	48	58	113	76	92	64	64	43	56	35	48	32	904	88.71%
58	연기돌	연기	아이돌	등재	0	33	36	152	86	83	50	53	92	36	113	63	50	14	861	88.87%
59	스포테인먼트	스포츠	엔터테인먼트		129	57	71	37	42	28	64	119	45	36	46	44	60	55	833	89.02%
60	반수생	반	재수생	등재	51	30	86	22	53	21	88	41	21	22	32	174	88	82	811	89.16%
61	주린이	주	어린이		0	0	1	1	0	0	0	0	0	0	1	198	473	74	748	89.30%
62	필수템	필수	아이템	등재	0	0	0	0	6	0	7	14	29	71	117	164	144	175	727	89.43%
63	환테크	환율	재테크	등재	61	45	14	3	10	24	6	13	37	60	74	72	138	135	692	89.56%
64	애그플레이션	애그(egg)	인플레이션	등재	39	108	80	187	11	7	1	0	7	0	0	2	90	149	681	89.68%
65	박스피	박스권	코스피		0	0	0	0	2	15	33	136	200	30	18	57	101	84	676	89.80%
66	홈코노미	홈	이코노미	등재	0	0	0	0	0	0	0	0	0	0	92	404	165	15	676	89.92%
67	넷카페	인터넷	카페		85	83	69	53	62	29	32	31	41	31	25	53	46	25	665	90.05%
68	몰들이	몰	나들이		53	73	56	52	31	39	38	51	37	34	25	78	46	21	634	90.16%
69	놈코어	노멀	하드코어	등재	0	0	0	0	0	110	398	52	25	11	10	7	1	10	624	90.27%
70	시상사	시어머니	상사	등재	53	30	62	37	41	27	70	48	18	15	32	44	44	81	602	90.38%
71	지옥철	지옥	지하철	등재	12	34	1	14	15	40	65	46	39	43	38	43	47	160	597	90.49%
72	짠테크	짠	재테크	등재	0	0	0	0	0	0	6	1	131	61	29	89	68	205	590	90.60%
73	자라니	자전거	고라니		39	34	28	43	49	40	33	39	44	57	46	46	40	47	585	90.70%
74	폴리페서	폴리틱스	프로페서	등재	51	21	56	120	40	20	21	20	78	29	94	21	4	7	582	90.81%
75	스테이케이션	스테이	베이케이션	등재	24	9	1	4	4	3	40	105	78	49	30	118	59	40	564	90.91%
76	턱스크	턱	마스크	등재	0	0	0	0	0	0	0	0	0	0	0	321	219	23	563	91.01%
77	꿀벅지	꿀	허벅지	등재	117	146	68	38	24	50	45	14	11	8	16	18	1	1	557	91.11%
78	소셜테이너	소셜	엔터테이너	등재	4	10	230	182	45	16	9	13	27	4	5	2	0	6	553	91.21%
79	골프텔	골프	호텔	등재	76	54	39	47	28	59	35	19	20	18	36	46	31	28	536	91.31%
80	프리터	프리	아르바이터	등재	138	54	46	37	19	7	9	26	85	22	42	32	12	7	536	91.41%
81	크로플	크로와상	와플		9	4	4	14	1	5	1	1	5	14	13	119	229	116	535	91.50%
82	정피아	정치	마피아	등재	0	0	0	0	0	142	151	156	18	19	6	27	6	6	531	91.60%
83	디슈머	디스트리뷰터(distributor)	컨슈머	등재	6	1	0	3	81	96	30	21	49	32	13	52	19	122	525	91.69%
84	플랜테리어	플랜트	인테리어	등재	0	0	0	0	0	0	0	6	33	60	56	78	167	124	524	91.79%
85	모디슈머	모디파이(modify)	컨슈머	등재	0	0	0	3	79	96	30	21	49	32	13	52	16	122	513	91.88%
86	공세권	공원	역세권	등재	0	1	1	0	0	0	0	4	9	21	52	168	88	167	511	91.98%
87	학파라치	학원	파파라치	등재	310	55	76	55	4	3	0	1	5	1	0	0	0	0	510	92.07%
88	텔레뱅킹	텔레폰	뱅킹	등재	70	33	36	48	27	85	45	20	25	20	33	23	25	12	502	92.16%
89	대프리카	대구	아프리카	등재	0	0	0	0	4	3	36	40	87	113	77	31	55	34	480	92.25%
90	원룸텔	원룸	호텔	등재	59	143	69	122	21	9	8	6	2	12	6	10	6	2	475	92.33%
91	노피아	노동부	마피아		33	47	39	13	17	47	20	29	37	34	39	22	37	29	443	92.41%
92	리플레이션	리(re)	인플레이션	등재	23	6	12	6	16	1	4	7	48	10	2	30	262	7	434	92.49%
93	몰세권	몰(mall)	역세권	등재	0	0	0	0	0	0	0	52	40	67	53	106	40	69	427	92.57%
94	짐승돌	짐승	아이돌		42	130	56	29	39	8	11	14	3	8	11	16	43	16	426	92.64%
95	캠프닉	캠핑	피크닉		0	0	0	0	0	0	21	13	40	1	66	42	106	103	392	92.72%
96	초통령	초등학생	대통령	등재	0	2	5	5	3	23	23	33	21	33	105	67	39	28	387	92.79%
97	공테크	공모전	재테크	등재	21	42	18	15	11	35	9	67	5	57	5	15	37	40	377	92.85%
98	아쿠아로빅	아쿠아	에어로빅	등재	57	27	23	29	31	13	29	19	28	18	32	6	31	32	375	92.92%
99	스몸비	스마트폰	좀비	등재	0	0	0	0	0	0	1	21	89	78	54	48	39	44	374	92.99%
100	미닝아웃	미닝(meaning)	커밍아웃	등재	0	0	0	0	0	0	0	0	0	26	11	59	129	138	363	93.05%
101	펫코노미	펫	이코노미	등재	0	0	0	0	0	0	0	12	30	71	42	58	109	39	361	93.12%
102	길냥이	길	고양이	등재	0	6	7	4	3	70	16	20	29	62	32	31	49	29	358	93.19%
103	개저씨	개	아저씨		0	0	0	0	0	3	5	287	26	13	12	4	0	7	357	93.25%
104	예능돌	예늘	아이돌	등재	4	37	41	25	12	5	12	12	10	13	53	67	22	22	335	93.31%
105	뇌피셜	뇌	오피셜	등재	0	0	0	0	0	0	0	0	0	22	91	86	80	50	329	93.37%
106	펀슈머	펀(fun)	컨슈머		0	0	0	0	0	0	0	0	0	13	36	115	104	39	307	93.43%
107	코피스	커피	오피스		20	37	59	11	11	28	10	32	17	7	8	4	37	25	306	93.48%
108	추캉스	추(秋)	바캉스	등재	0	0	0	0	0	4	0	2	9	6	48	161	29	44	303	93.54%
109	개가수	개그맨	가수	등재	0	4	0	125	28	11	5	8	2	48	27	27	8	7	300	93.59%
110	새우버거	새우	햄버거	등재	5	12	16	5	15	16	15	16	21	13	11	47	83	25	300	93.64%
111	법꾸라지	법	미꾸라지	등재	0	0	0	0	0	0	0	18	132	12	51	26	25	35	299	93.70%
112	펌뷸런스	펌프	앰뷸런스	등재	0	0	0	0	2	11	6	16	37	13	46	7	75	86	299	93.75%
113	에듀시티	에듀케이션	시티		19	1	5	37	6	3	3	8	63	8	9	24	4	108	298	93.81%
114	앱테크	앱(app)	재테크	등재	0	0	2	16	8	3	16	15	17	11	15	17	51	124	295	93.86%
115	뽀통령	뽀로로	대통령	등재	0	0	78	43	36	38	18	20	16	16	13	6	2	8	294	93.91%
116	슬세권	슬리퍼	역세권		0	0	0	0	0	0	0	0	0	0	6	76	154	56	292	93.97%
117	코메리카	코리아	아메리카		18	23	27	51	20	31	12	15	21	16	10	3	9	36	292	94.02%
118	유느님	유재석	하느님		0	0	7	41	21	17	36	28	18	14	30	29	25	16	282	94.07%
119	메타모빌리티	메타버스	모빌리티		0	0	0	0	0	0	0	0	0	0	0	0	0	281	281	94.12%
120	줌마렐라	아줌마	신데렐라		49	33	10	7	20	1	36	41	40	1	3	17	14	9	281	94.17%
121	차계부	차	가계부	등재	30	44	26	41	18	10	24	25	9	4	9	11	25	4	280	94.22%
122	인포데믹	인포메이션	팬데믹		7	0	4	0	0	0	0	0	0	3	0	228	29	4	275	94.27%
123	북캉스	북(book)	바캉스	등재	10	6	13	1	0	14	4	9	17	30	49	17	71	32	273	94.32%
124	애그테크	애그(AG: agriculture)	테크놀로지	등재	0	0	0	0	0	0	0	0	1	20	12	3	72	155	263	94.37%
125	쉬어로	쉬	히어로		1	0	0	0	0	0	0	0	4	25	19	45	76	88	258	94.42%
126	커피스	커피	오피스		5	13	19	16	12	2	29	13	56	19	12	12	23	27	258	94.46%
127	군대스리가	군대	분데스리가		11	4	1	2	4	2	0	3	1	0	189	33	0	7	257	94.51%
128	연트럴파크	연남	센트럴파크		0	0	0	0	0	0	16	42	26	29	14	34	33	61	255	94.56%
129	늦캉스	늦다	바캉스		0	0	4	0	1	0	0	5	19	25	52	65	24	55	250	94.60%
130	모디노믹스	모디(Modi)	이코노믹스		0	0	0	0	0	98	64	19	22	24	6	6	1	0	240	94.64%
131	슬리포노믹스	슬립(sleep)	이코노믹스	등재	0	0	0	0	0	3	1	12	17	34	35	62	42	34	240	94.69%
132	라볶이	라면	떡볶이	등재	2	9	1	10	7	17	15	9	16	14	15	50	42	28	235	94.73%
133	군통령	군대	대통령		0	0	3	10	25	10	12	12	22	15	42	31	28	17	227	94.77%
134	공블리	공효진	러블리		0	0	20	32	23	30	22	39	4	5	26	19	2	3	225	94.81%
135	서하라	서울	사하라		28	14	21	17	8	37	15	16	15	14	8	8	9	11	221	94.85%
136	군대리아	군대	롯데리아		0	3	0	2	65	4	18	24	5	34	6	45	4	8	218	94.89%
137	군백기	군대	공백기		0	0	0	0	0	0	0	0	0	0	34	23	60	101	218	94.93%
138	슬립테크	슬립(sleep)	재테크	등재	0	0	0	0	0	0	0	2	6	24	11	10	41	124	218	94.97%
139	쇼퍼테인먼트	쇼핑	엔터테인먼트	등재	7	0	7	4	8	9	3	25	51	26	5	7	24	41	217	95.01%
140	레이거노믹스	레이건(Reagan)	이코노믹스	등재	43	17	31	13	4	9	6	35	16	16	2	0	10	13	215	95.05%
141	휴게텔	규세	호텔		65	10	8	59	15	18	6	1	3	3	8	14	4	0	214	95.09%
142	금테크	금(金)	재테크	등재	19	21	11	3	1	5	22	8	6	16	17	67	4	12	212	95.13%
143	스포테이너	스포츠	엔터테이너	등재	1	2	1	0	1	1	9	50	30	12	38	16	16	30	207	95.16%
144	천스닥	천	코스닥		0	0	0	0	0	0	0	0	0	0	0	1	180	25	206	95.20%
145	농구영신	농구	송구영신		0	0	0	0	0	0	0	0	7	7	52	55	35	45	201	95.24%
146	폰파라치	핸드폰	파파라치	등재	1	0	0	0	4	6	118	7	10	0	13	33	0	6	198	95.27%
147	댄스컬	댄스	뮤지컬		17	10	7	6	11	2	8	9	10	16	41	11	12	34	194	95.31%
148	다세권	다(多)	역세권	등재	0	0	0	0	0	0	0	0	1	8	17	91	30	46	193	95.34%
149	갓뚜기	갓	오뚜기		0	0	0	0	0	0	0	0	125	10	18	20	10	6	189	95.38%
150	뷰티테크	뷰티	테크놀로지	등재	1	0	0	1	0	1	0	2	2	5	3	8	60	103	186	95.41%
151	카파라치	카(car)	파파라치	등재	9	0	1	57	37	36	7	17	4	2	6	0	4	3	183	95.44%
152	사이처	사이버	티처	등재	21	14	12	10	10	14	16	12	18	11	13	11	7	10	179	95.48%
153	시테크	시계	재테크	등재	19	19	4	8	8	4	5	3	1	4	10	5	33	55	178	95.51%
154	건테크	건강	재테크	등재	1	6	0	1	0	15	12	15	63	15	15	11	13	10	177	95.54%
155	그린슈머	그린	컨슈머	등재	3	1	0	2	3	0	0	0	3	5	11	40	44	64	176	95.57%
156	추다르크	추미애	잔다르크		8	4	6	4	0	1	1	39	16	1	31	46	16	2	175	95.60%
157	차이메리카	차이나	아메리카	등재	74	37	13	2	2	2	6	7	1	15	6	0	2	6	173	95.63%
158	코르스	코리아	메르스	등재	10	9	10	8	6	13	25	4	4	1	15	20	10	35	170	95.67%
159	타이곤	타이거	라이온	등재	0	1	0	2	1	1	4	7	8	22	2	16	22	84	170	95.70%
160	파테크	파	재테크		20	2	3	4	6	0	3	2	2	4	9	6	81	27	169	95.73%
161	백캉스	백화점	바캉스	등재	0	0	1	2	0	0	3	5	34	40	28	44	3	8	168	95.76%
162	빚테크	빚	재테크	등재	6	20	20	5	7	4	27	20	18	28	3	0	2	6	166	95.79%
163	인싸템	인싸	아이템	등재	0	0	0	0	0	0	0	0	0	22	75	36	21	11	165	95.82%
164	코스크	코	마스크	등재	3	0	0	0	0	0	0	0	0	1	2	54	31	74	165	95.85%
165	보라니	보드	고라니		9	9	15	18	12	9	8	6	14	14	9	10	23	8	164	95.88%
166	식파라치	식(食)	파파라치	등재	13	9	3	5	6	37	28	40	19	0	4	0	0	0	164	95.91%
167	철피아	철도	마피아		0	0	4	0	0	108	7	23	5	1	9	1	4	2	164	95.94%
168	북튜버	북(book)	유튜버		0	0	0	0	0	0	0	0	7	19	69	36	21	11	163	95.97%
169	스마틴	스마트	틴에이지		0	0	0	2	2	14	22	3	7	8	11	15	29	50	163	96.00%
170	번개팅	번개	미팅	등재	24	28	16	20	4	13	11	3	18	16	5	1	2	0	161	96.02%
171	펫테크	펫(pet)	테크놀로지	등재	0	0	0	0	0	0	0	0	1	20	23	17	47	53	161	96.05%
172	로가닉	로우	오가닉	등재	0	0	6	10	45	25	42	28	2	0	1	1	0	0	160	96.08%
173	위코노미	위(we)	이코노미	등재	4	0	0	0	0	0	4	0	45	91	0	2	3	9	158	96.11%
174	산피아	산림청	마피아		5	2	0	2	7	17	2	19	6	18	26	26	16	11	157	96.14%
175	비파라치	비상구	파파라치		18	63	19	13	0	0	5	0	0	4	31	0	0	0	153	96.17%
176	코시안	코리안	아시안		68	16	9	7	5	5	4	8	8	4	7	1	5	4	151	96.19%
177	펫캉스	펫	바캉스		0	0	0	0	0	0	0	0	2	2	4	29	56	58	151	96.22%
178	아나테이너	아나운서	엔터테이너	등재	19	4	11	3	10	14	9	8	2	2	31	15	9	12	149	96.25%
179	치느님	치킨	하느님	등재	0	0	0	0	0	28	11	15	23	4	24	25	13	6	149	96.28%
180	반계탕	반(半)	삼계탕	등재	8	4	12	2	14	6	2	8	3	17	32	11	16	7	142	96.30%
181	아트테이너	아트	엔터테이너	등재	0	0	0	0	12	0	4	9	4	12	11	17	22	46	137	96.33%
182	애드웨어	애드버타이징	소프트웨어	등재	0	1	1	61	7	22	29	0	10	0	3	1	2	0	137	96.35%
183	란파라치	런(run)	파파라치	등재	0	0	0	0	0	0	0	125	11	0	0	0	0	0	136	96.38%
184	블루슈머	블루오션(blue ocean)	컨슈머	등재	71	2	0	0	28	25	0	3	5	0	0	0	0	1	135	96.40%
185	빌라트	빌라	아파트		7	7	6	4	1	0	2	5	10	7	13	10	59	4	135	96.42%
186	밀크플레이션	밀크	인플레이션	등재	0	0	0	0	0	0	0	0	0	0	0	0	6	128	134	96.45%
187	금겹살	금	삼겹살	등재	22	0	32	5	3	20	6	2	1	5	8	10	5	12	131	96.47%
188	웃프다	웃다	슬프다	등재	0	0	1	15	14	13	18	15	10	9	8	8	7	11	129	96.50%
189	컬처노믹스	컬처(culture)	이코노믹스	등재	34	23	5	8	2	8	13	3	10	6	9	0	7	1	129	96.52%
190	힙지로	힙	을지로		0	0	0	0	0	0	0	0	0	5	19	55	23	27	129	96.54%
191	샐러던트	샐러리맨	스튜던트	등재	20	32	4	5	1	9	3	12	6	16	3	1	2	13	127	96.57%
192	차이나플레이션	차이나	인플레이션	등재	0	43	80	3	0	0	0	0	1	0	0	0	0	0	127	96.59%
193	홈스토랑	홈	레스토랑	등재	0	0	0	1	0	0	0	2	3	3	0	37	41	40	127	96.61%
194	엄마미	엄마	마미		2	1	5	21	11	5	19	15	13	9	10	11	2	0	124	96.63%
195	키캉스	키즈	바캉스		0	0	0	0	0	0	0	0	0	0	34	18	20	51	123	96.66%
196	청순돌	청순	아이돌	등재	0	0	1	1	0	7	14	15	5	20	9	38	0	10	120	96.68%
197	국피아	국토교통부	마피아		4	5	1	4	13	28	0	6	6	2	15	5	13	17	119	96.70%
198	뼈그맨	뼈	개그맨	등재	0	9	16	11	1	2	7	7	3	7	21	19	13	3	119	96.72%
199	고프코어	고프	놈코어		0	0	0	0	0	0	0	0	0	49	17	4	1	46	117	96.74%
200	교피아	교육부	마피아		0	0	0	0	0	55	7	10	21	17	6	1	0	0	117	96.76%
201	폴리테이너	폴리티션	엔터테이너	등재	10	3	41	24	6	0	0	2	14	6	4	1	4	0	115	96.78%
202	봉테일	봉준호	디테일		9	1	1	1	7	2	0	0	4	0	37	52	0	0	114	96.80%
203	숲캉스	숲	바캉스		0	0	0	0	0	0	0	0	0	2	4	9	43	55	113	96.83%
204	일코노미	일	이코노미	등재	0	0	0	0	0	0	0	0	61	24	9	12	5	0	111	96.85%
205	혼라이프	혼자	라이프	등재	0	0	0	0	0	0	0	0	1	2	82	19	4	2	110	96.87%
206	모델테이너	모델	엔터테이너	등재	0	0	0	0	0	5	0	3	4	36	24	5	8	24	109	96.89%
207	금피아	금융감독원	마피아		0	0	4	0	2	33	1	21	18	1	2	6	9	11	108	96.90%
208	성인돌	성인	아이돌	등재	1	22	5	11	25	8	7	0	4	3	13	0	8	1	108	96.92%
209	네티켓	인터넷	에티켓	등재	6	6	32	20	13	4	2	3	6	1	2	6	1	5	107	96.94%
210	멀티테이너	멀티	엔터테이너		5	5	5	7	4	1	1	3	1	16	12	23	14	10	107	96.96%
211	미코노미	미(me)	이코노미	등재	0	0	0	0	0	0	4	0	0	17	18	13	13	42	107	96.98%
212	케미포비아	케미컬	포비아	등재	0	0	0	0	0	0	0	19	63	12	6	1	6	0	107	97.00%
213	돈마호크	돈	토마호크		0	0	0	0	0	0	0	0	0	0	2	2	60	42	106	97.02%
214	몰캉스	몰(mall)	바캉스	등재	0	0	0	21	5	0	2	2	13	28	10	14	6	5	106	97.04%
215	스캉스	스위트룸	바캉스		0	0	0	0	0	0	0	0	0	0	7	0	3	95	105	97.06%
216	칼제비	칼국수	수제비	등재	2	6	5	2	10	1	9	6	17	1	31	8	5	2	105	97.08%
217	박스퀘어	박스	스퀘어		0	0	0	0	0	0	0	0	1	2	6	9	74	12	104	97.10%
218	손풍기	손	선풍기	등재	0	0	0	0	0	0	0	0	20	25	6	36	5	11	103	97.12%
219	군피아	군대	마피아		0	0	0	0	0	59	22	9	7	3	0	2	0	0	102	97.13%
220	멤리스터	메모리	레지스터		9	5	3	14	0	6	0	0	0	0	9	2	44	10	102	97.15%
221	인생템	인생	아이템	등재	0	0	0	0	0	0	14	10	25	12	9	10	9	12	101	97.17%
222	라이거	라이언	타이거	등재	9	13	19	5	12	12	1	2	2	3	8	4	0	8	98	97.19%
223	슬러브	슬라이드	커브	등재	3	5	9	18	3	10	9	20	4	2	3	0	0	11	97	97.21%
224	연반인	연예인	일반인		0	0	0	0	0	0	0	0	0	0	0	54	35	8	97	97.22%
225	치믈리에	치킨	소믈리에		0	0	0	0	0	2	1	0	14	66	9	2	1	2	97	97.24%
226	사기캐	사기	캐릭터	등재	0	0	0	0	1	0	0	2	5	4	12	59	10	3	96	97.26%
227	댕냥이	댕댕이	고양이	등재	0	0	0	0	0	0	0	0	0	0	9	23	45	18	95	97.28%
228	로플레이션	로우(low)	인플레이션		0	0	0	0	0	1	5	0	0	0	0	0	15	74	95	97.29%
229	설캉스	설	바캉스	등재	0	0	0	0	0	0	0	0	2	0	12	37	19	25	95	97.31%
230	섹드립	섹스	드립	등재	0	0	0	12	17	8	9	14	4	3	4	23	1	0	95	97.33%
231	위미노믹스	위민(women)	이코노믹스	등재	9	3	0	0	18	9	5	3	35	9	2	2	0	0	95	97.34%
232	테크토닉	테크노	일렉트로닉		12	1	2	0	2	0	9	3	0	3	7	30	26	0	95	97.36%
233	모큐멘터리	목(mock)	다큐멘터리	등재	4	10	17	0	2	2	1	17	0	21	10	3	0	7	94	97.38%
234	나이토그래피	나이트	포토그래피		0	0	0	0	0	0	0	0	0	0	0	0	0	93	93	97.40%
235	캠크닉	캠핑	피크닉		0	0	0	0	0	0	0	0	0	0	0	1	20	72	93	97.41%
236	발테크	발	재테크	등재	0	0	0	79	0	2	0	0	0	0	2	1	4	4	92	97.43%
237	골빔면	골뱅이	비빔면		0	0	0	0	43	24	18	2	0	1	0	0	0	3	91	97.45%
238	야민정음	야구갤러리	훈민정음		0	0	0	0	0	1	0	21	19	4	43	1	1	1	91	97.46%
239	브이노믹스	브이(V: virus)	이코노믹스		0	0	0	0	0	0	0	0	0	0	0	22	60	8	90	97.48%
240	먹스타	먹다	인스타	등재	2	0	0	0	0	19	12	24	7	13	6	4	2	0	89	97.49%
241	플렉시테리언	플렉시블	베지테리언	등재	0	0	1	0	0	1	0	0	0	7	3	20	38	19	89	97.51%
242	로린이	로스트아크	어린이		0	3	1	2	35	12	1	6	1	1	10	3	13	0	88	97.53%
243	사십춘기	사십	사춘기		0	0	0	0	0	0	0	0	74	6	3	0	5	0	88	97.54%
244	데스크테리어	데스크	인테리어	등재	2	0	0	0	0	2	0	6	4	8	12	17	20	16	87	97.56%
245	까나리카노	까나리	아메리카노		0	0	0	0	0	0	7	9	2	0	37	25	6	0	86	97.57%
246	차이슨	차이나	다이슨		0	1	0	0	0	0	0	1	3	44	13	4	18	2	86	97.59%
247	피시플레이션	피시	인플레이션	등재	0	4	31	38	10	1	0	0	2	0	0	0	0	0	86	97.60%
248	산린이	산	어린이		0	0	0	0	0	0	0	0	0	0	0	22	58	5	85	97.62%
249	후렌드	후	프렌드		0	1	2	0	0	0	5	7	0	0	2	0	25	43	85	97.64%
250	샤테크	샤넬	재테크		0	1	14	9	0	3	3	0	1	0	1	29	19	4	84	97.65%
251	육아템	육아	아이템		0	0	0	0	0	0	0	1	2	7	7	27	22	18	84	97.67%
252	캄테크	캄(calm)	테크놀로지		0	0	0	0	0	0	0	3	5	26	0	0	6	44	84	97.68%
253	촌캉스	촌	바캉스		0	0	0	0	0	0	0	0	0	0	0	0	15	68	83	97.70%
254	토크노믹스	토크(talk)	이코노믹스	등재	0	0	0	0	0	0	0	0	0	0	0	0	0	83	83	97.71%
255	메타노믹스	메타(meta)	이코노믹스		0	0	0	0	0	0	0	0	0	0	0	0	20	62	82	97.73%
256	뷰캉스	뷰티	바캉스		0	0	0	0	0	0	0	0	0	1	56	1	8	16	82	97.74%
257	코린이	코인	어린이		0	2	0	1	0	16	2	0	4	5	2	1	38	11	82	97.76%
258	킥라니	킥보드	고라니	등재	0	0	0	0	0	0	0	0	3	3	17	38	17	4	82	97.77%
259	뚱카롱	뚱뚱하다	마카롱	등재	0	0	0	0	0	0	0	0	0	1	17	19	18	26	81	97.79%
260	줌마테이너	아줌마	엔터테이너		44	25	2	1	3	0	0	0	0	0	3	0	1	0	79	97.80%
261	직테크	직(職)	재테크	등재	0	6	7	1	3	2	1	3	7	3	2	17	14	13	79	97.81%
262	수세권	수(水)	역세권	등재	0	0	0	0	0	0	0	3	0	0	5	16	24	30	78	97.83%
263	차테크	차	재테크	등재	7	4	4	3	1	3	3	0	3	0	4	5	0	39	76	97.84%
264	캠린이	캠핑	어린이		0	0	0	0	0	0	0	0	0	0	2	39	27	8	76	97.86%
265	드라마툰	드라마	카툰	등재	2	0	0	0	59	8	5	1	0	0	0	0	0	0	75	97.87%
266	어그테크	어그(AG: agriculture)	테크놀로지		0	0	0	0	0	0	0	8	8	2	2	42	10	3	75	97.88%
267	에듀스테이	에듀케이션	스테이		0	5	0	1	0	0	0	0	65	1	0	0	3	0	75	97.90%
268	재패니메이션	재팬	애니메이션	등재	10	0	4	1	6	1	1	3	32	8	2	0	2	4	74	97.91%
269	캐포츠	캐릭터	스포츠	등재	6	19	9	11	3	17	2	1	6	0	0	0	0	0	74	97.92%
270	모바일문	모바일	허니문		3	1	1	0	2	1	2	1	1	0	2	12	23	23	72	97.94%
271	게임돌	게임	아이돌		0	2	0	0	1	0	0	0	0	13	55	0	0	0	71	97.95%
272	덕밍아웃	덕후	커밍아웃	등재	0	0	0	0	0	1	19	15	2	6	6	20	2	0	71	97.96%
273	먹스타그램	먹다	인스타그램		0	0	0	0	0	19	12	15	3	13	5	2	0	0	69	97.97%
274	멀티데믹	멀티	팬데믹	등재	0	0	0	0	0	0	0	0	0	0	0	0	0	69	69	97.99%
275	겜린이	겜	어린이		0	0	0	0	0	0	0	0	3	62	0	3	0	0	68	98.00%
276	호피스텔	호텔	오피스텔		1	0	25	25	7	0	10	0	0	0	0	0	0	0	68	98.01%
277	스니커테크	스니커즈	재테크		0	0	0	0	0	0	0	0	0	0	4	30	29	3	66	98.02%
278	셰프테이너	셰프	엔터테이너	등재	0	0	0	0	0	0	45	3	7	1	8	0	0	1	65	98.04%
279	수트라이커	수비수	스트라이커	등재	0	0	0	0	15	9	7	0	3	4	11	2	5	9	65	98.05%
280	시크돌	시크	아이돌		8	27	23	5	0	0	1	0	0	0	0	0	0	0	64	98.06%
281	퍼머컬처	퍼머넌트	컬처		3	0	8	6	12	3	0	1	11	0	0	5	3	12	64	98.07%
282	리테일테인먼트	리테일	엔터테인먼트	등재	0	0	3	0	1	14	19	2	9	1	0	0	3	11	63	98.08%
283	쓰테크	쓰레기	재테크	등재	1	4	7	4	4	1	5	1	7	14	11	0	3	1	63	98.09%
284	쓱세권	쓱(SSG)	역세권		0	0	0	0	0	0	0	0	0	0	46	11	4	2	63	98.10%
285	혼코노	혼자	코노	등재	0	0	0	0	0	0	0	0	0	13	26	17	2	5	63	98.12%
286	휴대폰깡	휴대폰	와리깡		4	2	2	18	1	8	0	4	5	1	5	12	1	0	63	98.13%
287	라이스버거	라이스	햄버거	등재	3	9	7	5	4	2	3	0	3	1	14	10	0	0	61	98.14%
288	용피셜	용산	오피셜		0	0	0	0	0	0	0	0	0	0	0	0	0	61	61	98.15%
289	도그너	도그	도너		0	0	0	0	0	0	0	0	0	0	0	12	0	47	59	98.16%
290	크리슈머	크리에이티브(creative)	컨슈머	등재	24	0	2	2	22	0	3	2	1	1	1	0	0	1	59	98.17%
291	팩토어	팩토리	스토어		0	0	0	0	0	0	0	0	0	0	6	52	0	0	58	98.18%
292	봄캉스	봄	바캉스		0	0	0	0	0	0	0	0	0	0	2	2	27	26	57	98.19%
293	슈링크플레이션	슈링크	인플레이션	등재	0	0	0	0	0	0	0	0	0	0	0	0	10	47	57	98.20%
294	시코노믹스	시크(chic)	이코노믹스	등재	6	0	0	0	0	4	0	16	20	7	0	1	0	3	57	98.21%
295	귀르가즘	귀	오르가즘	등재	0	0	0	0	0	0	0	3	27	6	7	10	3	0	56	98.22%
296	애정템	애정	아이템	등재	0	0	0	0	0	0	7	4	6	9	10	9	6	5	56	98.23%
297	촌므파탈	촌	팜므파탈		0	0	0	0	0	0	0	0	0	0	55	1	0	0	56	98.24%
298	크립토재킹	크립토	하이재킹	등재	0	0	0	0	0	0	0	0	0	21	29	1	5	0	56	98.25%
299	홈테인먼트	홈	엔터테인먼트		0	0	0	0	0	0	0	0	0	0	0	49	7	0	56	98.26%
300	아재파탈	아재	팜므파탈	등재	0	0	0	0	0	0	0	38	16	0	1	0	0	0	55	98.27%
301	체크슈머	체크(check)	컨슈머	등재	0	0	0	0	0	0	0	12	2	11	10	11	1	8	55	98.28%
302	헬린이	헬스	어린이		0	4	0	0	0	0	0	0	0	0	0	22	13	16	55	98.29%
303	리스티클	리스트	아티클		0	0	0	0	0	1	40	9	2	0	1	0	0	1	54	98.30%
304	청량돌	청량	아이돌	등재	0	0	0	0	0	0	0	1	8	5	9	10	10	11	54	98.31%
305	포세권	포켓몬고	역세권		0	0	0	0	0	0	0	3	50	0	0	0	1	0	54	98.32%
306	테크노피아	테크놀로지	유토피아		5	3	7	2	0	5	0	10	1	4	2	14	0	0	53	98.33%
307	부린이	부동산	어린이		1	0	0	0	0	0	0	0	2	0	0	15	26	8	52	98.34%
308	개기금	개인	연기금		1	0	0	0	0	0	0	0	0	0	0	2	0	48	51	98.35%
309	그리노믹스	그린(green)	이코노믹스	등재	40	11	0	0	0	0	0	0	0	0	0	0	0	0	51	98.36%
310	먹캉스	먹다	바캉스		0	0	0	0	0	0	0	0	0	1	13	12	14	11	51	98.37%
311	위키노믹스	위키(wiki)	이코노믹스	등재	11	1	15	10	1	4	4	2	0	1	0	0	0	2	51	98.38%
312	근수저	근육	금수저		0	0	0	0	0	0	0	0	0	0	0	36	14	0	50	98.39%
313	볼런테인먼트	볼룬티어링	엔터테인먼트	등재	13	4	0	1	1	5	1	3	9	0	13	0	0	0	50	98.40%
314	스마커	스마트폰	바이커		0	0	0	1	2	0	7	1	0	36	0	0	2	1	50	98.40%
315	스세권	스타벅스	역세권		0	0	0	0	0	0	0	0	6	5	21	10	8	0	50	98.41%
316	관태기	관계	권태기	등재	0	0	0	0	0	0	0	4	40	5	0	0	0	0	49	98.42%
317	만리포니아	만리포	캘리포니아		0	0	0	0	0	0	0	6	4	5	10	6	12	5	48	98.43%
318	맵부심	맵다	자부심		0	0	0	0	0	0	0	0	1	0	2	20	19	6	48	98.44%
319	섹시돌	섹시	아이돌		0	3	0	4	12	1	3	5	3	7	9	1	0	0	48	98.45%
320	커피서	커피	피서		1	3	2	2	1	0	2	1	6	6	14	3	3	4	48	98.46%
321	코파라치	코로나	파파라치		0	0	0	0	0	0	0	0	0	0	0	19	29	0	48	98.47%
322	농튜버	농사	유튜버		0	0	0	0	0	0	0	0	0	0	7	7	20	13	47	98.47%
323	싱글슈머	싱글(single)	컨슈머	등재	0	0	0	4	4	1	2	3	14	0	1	16	0	2	47	98.48%
324	있어빌리티	있어	어빌리티	등재	0	0	0	0	0	0	7	23	0	0	1	6	2	8	47	98.49%
325	김치볼	김치	슈퍼볼	등재	10	5	9	0	4	5	0	3	6	0	0	0	1	3	46	98.50%
326	카오스모스	카오스	코스모스		0	0	0	0	1	5	4	20	4	5	0	0	2	5	46	98.51%
327	산스장	산	헬스장	등재	0	0	0	0	0	0	0	0	0	0	0	37	1	7	45	98.52%
328	세파라치	세금	파파라치	등재	11	5	4	1	11	1	1	5	2	0	2	0	0	1	44	98.52%
329	스마슈머	스마트(smart)	컨슈머	등재	0	0	0	2	17	4	0	4	1	3	2	7	1	3	44	98.53%
330	쫄볶이	쫄면	떡볶이	등재	0	0	0	0	0	0	2	1	8	8	0	9	5	11	44	98.54%
331	쓸로몬	쓸모	솔로몬		0	0	0	0	0	0	18	23	2	0	0	0	0	0	43	98.55%
332	일상툰	일상	카툰	등재	0	0	0	0	2	5	1	12	4	6	3	4	4	2	43	98.56%
333	다큐테인먼트	다큐멘터리	엔터테인먼트	등재	0	0	0	3	21	0	0	0	0	0	2	15	0	1	42	98.56%
334	쓰파라치	쓰레기	파파라치	등재	11	4	2	10	8	1	0	3	0	0	1	1	0	0	41	98.57%
335	풀캉스	풀(pool)	바캉스		0	0	0	0	0	0	0	0	0	0	1	10	11	19	41	98.58%
336	며느님	며느리	하느님	등재	6	8	3	3	3	4	2	0	0	1	2	6	1	1	40	98.59%
337	뷰티스트	뷰티	아티스트		0	1	3	1	8	10	3	0	1	0	2	2	8	1	40	98.59%
338	유지어터	유지	다이어터	등재	0	0	0	0	0	0	0	0	0	1	4	6	5	24	40	98.60%
339	의세권	의사	역세권	등재	0	0	0	0	0	0	0	0	0	2	4	21	10	3	40	98.61%
340	헬스피	헬(hell)	코스피		5	4	2	1	0	8	5	0	0	1	1	1	0	12	40	98.61%
341	건강테크	건강	재테크	등재	21	8	1	1	3	3	0	0	0	0	0	1	0	1	39	98.62%
342	닭둘기	닭	비둘기	등재	12	2	2	0	3	1	5	1	7	1	3	2	0	0	39	98.63%
343	개린이	개	어린이	등재	0	0	0	0	0	0	1	0	2	7	0	14	12	2	38	98.64%
344	넷페미	넷	페미니스트	등재	0	0	0	0	0	0	0	0	26	10	2	0	0	0	38	98.64%
345	집캉스	집	바캉스		0	0	0	0	0	0	0	0	0	4	1	5	8	20	38	98.65%
346	집테크	집	재테크		3	1	2	1	1	1	4	5	2	2	3	12	1	0	38	98.66%
347	골캉스	골프	바캉스		0	0	0	0	0	0	0	0	0	0	1	9	10	17	37	98.66%
348	냥집사	고양이	집사	등재	0	0	0	0	0	0	2	0	5	3	9	13	4	1	37	98.67%
349	말벅지	말	허벅지	등재	0	11	6	3	1	2	6	1	0	4	0	1	2	0	37	98.68%
350	프로추어	프로	아마추어	등재	18	2	4	7	1	2	0	0	2	0	0	0	1	0	37	98.68%
351	핵존심	핵	자존심	등재	0	0	0	0	0	9	23	2	0	0	2	0	0	1	37	98.69%
352	밥터디	밥	스터디	등재	8	5	1	0	4	3	12	1	1	0	0	1	0	0	36	98.70%
353	애완돌	애완	아이돌		0	5	5	0	0	0	1	1	0	15	6	0	1	2	36	98.70%
354	궁셔리	궁상	럭셔리	등재	0	0	0	0	0	0	0	0	27	2	6	0	0	0	35	98.71%
355	마케톤	마케팅	마라톤	등재	0	0	0	0	0	0	0	0	2	1	0	9	2	21	35	98.72%
356	멍캉스	멍멍이	바캉스		0	0	0	0	0	0	0	0	0	0	0	0	30	5	35	98.72%
357	뮤페라	뮤지컬	오페라		3	1	5	2	8	0	0	1	10	2	2	0	1	0	35	98.73%
358	북튜브	북(book)	유튜브		4	0	0	0	0	0	0	0	0	0	12	12	6	1	35	98.73%
359	시티노믹스	시티(city)	이코노믹스	등재	1	20	3	1	3	0	0	0	1	0	2	0	4	0	35	98.74%
360	투어리스티피케이션	투어	젠트리피케이션	등재	0	0	0	0	0	0	2	2	15	12	1	2	0	1	35	98.75%
361	눈바디	눈	인바디		0	0	0	0	0	0	0	0	7	3	1	12	4	7	34	98.75%
362	설렌타인데이	설	발렌타인데이		0	11	0	0	0	0	0	0	0	6	0	0	17	0	34	98.76%
363	앱티즌	앱	시티즌		0	34	0	0	0	0	0	0	0	0	0	0	0	0	34	98.77%
364	와이프로거	와이프	블로거		22	1	4	1	5	0	0	1	0	0	0	0	0	0	34	98.77%
365	브랜드툰	브랜드	카툰	등재	0	0	0	0	0	0	0	0	0	0	0	0	0	33	33	98.78%
366	성장캐	성장	캐릭터	등재	0	2	0	0	0	0	0	0	1	0	1	16	7	6	33	98.78%
367	액티콘	액티브	아이콘	등재	0	0	0	5	10	1	5	2	0	0	0	0	4	6	33	98.79%
368	오케팅	오(O)	마케팅		0	0	0	0	0	0	0	0	0	0	0	6	20	7	33	98.80%
369	요정돌	요정	아이돌		0	0	7	3	1	7	3	4	1	0	6	0	0	1	33	98.80%
370	우머노믹스	우먼(woman)	이코노믹스	등재	6	1	6	0	2	2	4	5	3	1	1	1	1	0	33	98.81%
371	팝시컬	팝	클래식		0	0	0	0	0	0	0	0	0	2	29	0	2	0	33	98.81%
372	플렌테리어	플렌트	인테리어	등재	0	0	0	0	0	0	0	0	2	2	2	13	10	4	33	98.82%
373	누에그라	누에	비아그라		3	2	6	2	0	1	0	5	13	0	0	0	0	0	32	98.83%
374	단마토	단	토마토		0	0	0	0	0	0	0	0	0	0	0	22	5	5	32	98.83%
375	면볶이	면	떡볶이		2	0	2	1	1	1	0	0	1	0	12	6	2	4	32	98.84%
376	뮤티즌	뮤직	시티즌	등재	11	7	3	6	5	0	0	0	0	0	0	0	0	0	32	98.84%
377	쓰랑꾼	쓰레기	사랑꾼	등재	0	0	0	0	0	0	0	20	0	0	4	4	2	2	32	98.85%
378	워런치	워킹	런치		0	1	3	0	0	14	4	0	0	0	0	1	8	1	32	98.85%
379	광프리카	광주	아프리카	등재	0	0	0	0	0	0	0	1	11	9	8	0	1	1	31	98.86%
380	깃발라시코	깃발	엘클라시코		0	0	0	0	0	0	0	29	1	0	0	0	0	0	30	98.87%
381	생활툰	생활	카툰	등재	0	0	0	1	4	4	4	4	7	2	0	4	0	0	30	98.87%
382	스포슈머	스포츠(sports)	컨슈머	등재	1	22	2	0	0	5	0	0	0	0	0	0	0	0	30	98.88%
383	아트버타이징	아트	애드버타이징		0	0	0	0	0	0	0	0	5	23	0	0	2	0	30	98.88%
384	옷피셜	옷	오피셜		0	0	0	0	0	0	0	1	0	0	3	3	8	15	30	98.89%
385	자접영	자유형	접영		3	1	4	3	0	0	7	0	2	6	1	0	1	2	30	98.89%
386	중년돌	중년	아이돌	등재	0	9	15	2	0	0	0	0	2	0	0	0	2	0	30	98.90%
387	집스타	집	인스타		0	1	1	0	0	0	0	4	2	6	6	7	2	1	30	98.90%
388	투파라치	투기	파파라치		22	0	0	0	0	0	0	0	0	0	0	0	7	1	30	98.91%
389	플레이케이션	플레이	베이케이션	등재	0	0	0	0	0	0	0	1	0	4	8	6	1	10	30	98.91%
390	등린이	등산	어린이		0	0	0	0	0	0	0	0	0	0	0	14	13	2	29	98.92%
391	멘탈데믹	멘탈	팬데믹		0	0	0	0	0	0	0	0	0	0	0	18	11	0	29	98.92%
392	미들라이커	미드필더	스트라이커	등재	0	0	3	1	1	0	9	1	1	3	4	1	5	0	29	98.93%
393	병세권	병원	역세권	등재	0	0	0	0	0	0	0	1	0	3	5	8	1	11	29	98.94%
394	삼세권	삼성	역세권	등재	0	0	0	0	0	0	0	0	0	0	14	6	5	4	29	98.94%
395	스테이테크	스테이(stay)	테크놀로지	등재	0	0	0	0	0	0	0	9	12	8	0	0	0	0	29	98.95%
396	용와대	용산	청와대		0	0	0	0	0	0	0	0	0	0	0	0	0	29	29	98.95%
397	트통령	트위치	대통령		0	0	6	9	5	1	0	3	1	0	0	0	0	4	29	98.96%
398	펫테리어	펫	인테리어		0	0	0	0	0	0	0	0	0	0	0	24	3	2	29	98.96%
399	편세권	편의점	역세권	등재	0	0	0	0	0	0	0	0	10	2	4	8	4	1	29	98.97%
400	포켓팅	포테이토	티켓팅	등재	0	0	0	0	0	0	0	0	0	0	0	29	0	0	29	98.97%
401	노망주	노인	유망주	등재	0	0	3	0	0	6	4	7	5	1	0	2	0	0	28	98.98%
402	덕통사고	덕후	교통사고	등재	0	0	0	0	0	2	5	4	2	4	5	3	0	3	28	98.98%
403	맛캉스	맛	바캉스	등재	0	0	0	0	0	0	0	0	1	4	16	3	2	2	28	98.99%
404	빅테인먼트	BIC(Baseball+ICT)	엔터테인먼트		0	0	0	0	15	3	10	0	0	0	0	0	0	0	28	98.99%
405	소녀돌	소녀	아이돌		0	0	7	0	0	2	0	5	1	11	1	1	0	0	28	99.00%
406	쇼캉스	쇼핑	바캉스		0	0	0	0	0	0	0	7	4	4	9	4	0	0	28	99.00%
407	아티즌	아트	시티즌		0	3	3	6	7	1	0	2	4	0	0	0	1	1	28	99.01%
408	최애캐	최애	캐릭터	등재	0	0	0	0	0	0	1	2	5	2	4	13	0	1	28	99.01%
409	카테크	카(car)	재테크		1	0	3	0	3	2	3	0	0	1	1	1	9	4	28	99.02%
410	강세권	강	역세권	등재	0	2	1	0	1	0	1	1	0	4	7	3	6	1	27	99.02%
411	그린노믹스	그린(green)	이코노믹스	등재	1	0	0	0	0	0	0	0	0	0	0	0	0	26	27	99.03%
412	맘고리즘	맘	알고리즘	등재	0	0	0	0	0	0	0	0	13	14	0	0	0	0	27	99.03%
413	모티즌	모바일	시티즌	등재	0	3	18	1	0	1	0	0	0	0	0	0	0	4	27	99.04%
414	스티콘	스티커	아이콘	등재	3	0	0	0	3	8	6	5	0	1	1	0	0	0	27	99.04%
415	잘생쁨	잘생김	예쁨	등재	0	0	0	1	2	0	0	0	2	0	4	2	12	4	27	99.05%
416	체커톤	팩트체크	마라톤		0	0	0	0	0	0	1	1	0	0	8	0	5	12	27	99.05%
417	갓물주	갓	건물주	등재	0	0	0	0	0	0	0	0	1	1	0	14	5	5	26	99.06%
418	방캉스	방	바캉스		0	0	0	0	0	0	0	0	0	0	5	0	20	1	26	99.06%
419	베그패커	베그	백패커	등재	0	0	0	0	0	0	0	0	6	0	20	0	0	0	26	99.07%
420	봉파라치	봉투	파파라치	등재	11	6	3	0	0	0	0	6	0	0	0	0	0	0	26	99.07%
421	스토리노믹스	스토리(story)	이코노믹스	등재	5	0	2	5	3	1	1	3	0	3	1	2	0	0	26	99.08%
422	암밍아웃	암	커밍아웃		0	0	0	0	0	0	0	0	0	0	12	2	0	12	26	99.08%
423	꽃캉스	꽃	바캉스		0	0	0	0	0	0	0	0	0	0	6	0	1	18	25	99.08%
424	내시피	내	레시피		1	0	0	0	0	0	0	0	0	1	5	2	16	0	25	99.09%
425	아캉스	아트	바캉스	등재	0	2	0	0	0	0	0	1	2	2	5	13	0	0	25	99.09%
426	영츠하이머	영	알츠하이머	등재	0	0	0	0	0	0	0	0	0	2	14	1	2	6	25	99.10%
427	워캉스	워크	바캉스		0	0	0	0	0	0	0	0	0	0	6	3	11	5	25	99.10%
428	컴닥터	컴퓨터	닥터		0	0	0	0	25	0	0	0	0	0	0	0	0	0	25	99.11%
429	한인텔	한인	호텔		0	0	0	0	4	11	3	0	5	0	0	0	1	1	25	99.11%
430	도치맘	고슴도치	맘		0	1	3	1	1	0	0	0	9	0	3	0	0	6	24	99.12%
431	라캉스	라이딩	바캉스		0	0	0	0	0	0	0	0	0	0	8	2	11	3	24	99.12%
432	브리메인	브라이튼	리메인	등재	0	0	0	0	0	0	0	24	0	0	0	0	0	0	24	99.12%
433	타임테크	타임	재테크	등재	1	0	0	4	1	11	1	0	0	0	2	0	2	2	24	99.13%
434	팜파라치	팜(pharm)	파파라치	등재	0	0	0	0	12	8	0	1	3	0	0	0	0	0	24	99.13%
435	폴리슈머	폴리시(policy)	컨슈머	등재	0	19	3	0	2	0	0	0	0	0	0	0	0	0	24	99.14%
436	그루답터	그루밍	얼리어답터	등재	0	0	0	0	0	0	0	4	0	4	4	4	7	0	23	99.14%
437	크레비즈	크리에이티브	비즈니스	등재	8	1	4	3	1	0	0	5	0	0	0	1	0	0	23	99.15%
438	패캉스	패밀리	바캉스		0	0	0	0	0	0	0	0	0	0	0	3	0	20	23	99.15%
439	혼캉스	혼자	바캉스		0	0	4	0	0	0	3	0	0	0	2	6	2	6	23	99.15%
440	나로서기	나	홀로서기	등재	0	0	0	0	0	0	0	0	2	2	1	0	4	13	22	99.16%
441	막페인	막걸리	샴페인	등재	0	0	0	0	0	0	0	0	0	3	0	2	0	17	22	99.16%
442	문슬람	문재인	이슬람		0	0	0	0	0	0	0	0	6	14	2	0	0	0	22	99.17%
443	베케플레이션	베케이션	인플레이션		0	0	0	0	0	0	0	0	0	0	0	0	0	22	22	99.17%
444	붕세권	붕어빵	역세권	등재	0	0	0	0	0	0	0	0	1	0	0	7	7	7	22	99.17%
445	서포크레딧	서포트	크레딧		0	0	0	0	0	0	0	0	0	2	0	8	0	12	22	99.18%
446	에이지퀘이크	에이지	어스퀘이크		9	3	0	0	0	0	2	2	2	0	0	0	4	0	22	99.18%
447	층견소음	견	층간소음	등재	0	0	0	0	0	0	0	0	5	1	0	1	12	3	22	99.19%
448	할배파탈	할배	팜므파탈	등재	0	0	0	0	0	0	1	18	1	0	0	1	1	0	22	99.19%
449	힘희롱	힘	성희롱	등재	0	0	0	0	0	6	0	5	1	2	2	6	0	0	22	99.19%
450	마기꾼	마스크	사기꾼	등재	0	0	0	0	0	0	0	0	0	0	0	0	6	15	21	99.20%
451	밀보드	밀리터리	빌보드		0	0	1	0	0	0	0	0	0	0	0	0	20	0	21	99.20%
452	일학개미	일본	동학개미		0	0	0	0	0	0	0	0	0	0	0	0	0	21	21	99.21%
453	컨슈니어	컨슈머	엔지니어	등재	0	0	0	0	0	0	0	13	3	0	5	0	0	0	21	99.21%
454	헬스닥	헬(hell)	코스닥		0	0	0	0	0	1	0	1	0	3	6	0	3	7	21	99.21%
455	금스크	금	마스크		0	0	0	0	0	0	7	0	0	0	0	11	0	2	20	99.22%
456	댕댕냥이	댕댕이	고양이		0	0	0	0	0	0	0	0	0	0	8	9	0	3	20	99.22%
457	맥세권	맥도날드	역세권		0	0	0	0	0	3	0	0	5	6	5	1	0	0	20	99.22%
458	베지노믹스	베지터블(vegetable)	이코노믹스	등재	0	0	0	0	0	0	0	0	2	7	0	7	0	4	20	99.23%
459	소셜림픽	소셜	올림픽		0	0	0	17	0	3	0	0	0	0	0	0	0	0	20	99.23%
460	포트트릭	포	해트트릭		0	0	0	0	0	0	0	0	0	1	1	5	8	5	20	99.24%
461	힐렉스	힐링	릴렉스		0	0	0	0	1	0	3	0	0	1	2	12	0	1	20	99.24%
462	그로서런트	그로서리	레스토랑		0	0	0	0	0	4	1	6	1	5	1	0	0	1	19	99.24%
463	레전설	레전드	전설	등재	0	0	0	2	0	0	0	1	3	0	0	2	11	0	19	99.25%
464	로티즌	로(law)	시티즌		19	0	0	0	0	0	0	0	0	0	0	0	0	0	19	99.25%
465	립퀴드	립스틱	리퀴드	등재	0	0	0	0	0	0	14	0	2	3	0	0	0	0	19	99.25%
466	미니텔	미니	호텔	등재	4	1	0	9	0	0	1	0	1	3	0	0	0	0	19	99.26%
467	셀기꾼	셀카	사기꾼	등재	0	0	0	0	0	0	9	2	0	2	4	0	2	0	19	99.26%
468	숏캉스	숏(short)	바캉스		0	0	0	0	0	0	0	0	0	0	1	0	17	1	19	99.26%
469	에어포칼립스	에어	아포칼립스	등재	0	0	0	0	6	4	2	0	3	0	2	0	2	0	19	99.27%
470	연느님	김연아	하느님		0	0	1	0	0	17	0	0	0	0	0	1	0	0	19	99.27%
471	예테크	예금	재테크		0	0	0	0	0	0	1	0	0	0	0	0	1	17	19	99.27%
472	욜테크	욜로	재테크	등재	0	0	0	0	0	0	0	0	19	0	0	0	0	0	19	99.28%
473	찰러리맨	차일드	샐러리맨	등재	0	0	0	5	2	1	4	7	0	0	0	0	0	0	19	99.28%
474	카캉스	카페	바캉스	등재	0	0	0	0	0	0	0	0	0	0	6	5	6	2	19	99.28%
475	펜캉스	펜션	바캉스		0	0	0	0	0	0	0	0	0	0	7	7	3	2	19	99.29%
476	헬리스키	헬리콥터	스키	등재	4	0	0	0	2	7	0	3	0	0	0	0	3	0	19	99.29%
477	마캉스	마사지	바캉스		1	0	0	0	0	0	0	0	4	1	7	5	0	0	18	99.29%
478	먹요정	먹다	요정	등재	0	0	0	0	0	0	0	4	0	2	1	10	1	0	18	99.30%
479	모루밍	모바일	쇼루밍	등재	0	0	0	0	0	8	5	4	1	0	0	0	0	0	18	99.30%
480	몰래바이트	몰래	아르바이트	등재	12	3	0	0	1	1	1	0	0	0	0	0	0	0	18	99.30%
481	이플레이션	이(E: energy)	인플레이션		1	3	2	1	1	2	3	0	0	0	0	0	4	1	18	99.31%
482	컨슈미디어	컨슈머	미디어	등재	0	0	0	9	0	5	0	0	0	0	0	0	4	0	18	99.31%
483	파이어네이도	파이어	도네이도	등재	0	0	0	0	0	0	0	0	0	0	0	13	5	0	18	99.31%
484	홈터파크	홈	워터파크		0	0	0	0	0	0	0	0	0	0	0	4	13	1	18	99.32%
485	갓전드	갓	레전드		0	0	0	0	0	0	0	0	0	0	0	17	0	0	17	99.32%
486	개캉스	개	바캉스		0	0	0	0	0	0	7	3	1	3	0	3	0	0	17	99.32%
487	낯설렘	낯설다	설렘		0	0	0	0	0	0	0	0	0	0	17	0	0	0	17	99.33%
488	데시전	데이터	디시즌		0	2	0	0	0	6	0	0	0	4	0	4	0	1	17	99.33%
489	리뷰슈머	리뷰	컨슈머	등재	2	3	0	0	0	0	12	0	0	0	0	0	0	0	17	99.33%
490	뮤캉스	뮤지컬	바캉스		0	0	0	0	0	0	0	0	0	2	10	0	4	1	17	99.33%
491	박캉스	박물관	바캉스	등재	0	0	0	0	0	0	0	0	0	5	3	0	0	9	17	99.34%
492	빌리건	빌클린턴	멀리건		5	0	1	3	0	3	1	1	2	0	1	0	0	0	17	99.34%
493	섬캉스	섬	바캉스		0	0	0	0	0	0	0	0	0	1	8	4	0	4	17	99.34%
494	손나우두	손흥민	호나우두		0	0	0	0	0	0	0	0	0	0	12	3	0	2	17	99.35%
495	스마툰	스마트	카툰	등재	0	0	10	0	0	0	0	0	0	0	1	0	0	6	17	99.35%
496	스마트툰	스마트	카툰	등재	0	0	0	2	1	2	5	0	0	2	0	4	1	0	17	99.35%
497	육방부	육군	국방부		0	3	0	2	1	0	1	1	5	2	0	0	0	2	17	99.36%
498	제베리아	제천	시베리아		0	0	0	0	0	0	0	0	0	4	4	5	2	2	17	99.36%
499	카드테크	카드	재테크	등재	0	0	0	0	5	0	2	0	1	0	0	1	0	8	17	99.36%
500	카피슈머	카피(copy)	컨슈머	등재	0	0	0	0	17	0	0	0	0	0	0	0	0	0	17	99.37%
501	코메리칸	코리안	아메리칸		1	2	3	1	2	1	2	0	2	0	0	0	0	3	17	99.37%
502	테크파탈	테크놀로지	팜므파탈	등재	1	0	9	0	6	0	0	1	0	0	0	0	0	0	17	99.37%
503	퇴준생	퇴직	취준생	등재	0	0	0	0	0	0	0	0	4	8	5	0	0	0	17	99.37%
504	펫파라치	펫(pet)	파파라치	등재	0	0	0	0	0	0	0	2	1	14	0	0	0	0	17	99.38%
505	혼캠핑	혼자	캠핑	등재	0	0	0	0	0	0	0	0	0	0	0	16	1	0	17	99.38%
506	힙트로	힙	레트로	등재	0	3	1	0	0	0	0	0	0	1	10	0	0	2	17	99.38%
507	랩파이	랩	와이파이		0	0	0	0	0	0	0	0	0	1	2	5	5	3	16	99.39%
508	로캉스	로컬	바캉스	등재	0	0	0	0	0	0	0	0	0	0	9	3	3	1	16	99.39%
509	메포츠	메디컬	스포츠		0	0	0	0	0	0	0	6	0	1	0	2	7	0	16	99.39%
510	바이플레이션	바이(bi)	인플레이션	등재	1	3	2	1	0	2	3	0	0	0	0	0	3	1	16	99.40%
511	베터파크	베란다	워터파크	등재	0	0	0	0	0	0	0	0	0	5	0	4	6	1	16	99.40%
512	비거노믹스	비건(vegan)	이코노믹스		0	0	0	0	0	0	0	0	0	0	4	2	1	9	16	99.40%
513	색드립	색스	드립		0	0	0	5	3	5	3	0	0	0	0	0	0	0	16	99.40%
514	식집사	식물	집사	등재	0	0	0	0	0	0	0	0	0	0	0	0	2	14	16	99.41%
515	업토버	업	옥토버		0	0	0	0	0	0	0	0	0	0	0	0	16	0	16	99.41%
516	재텔근무	호텔	재택근무		0	0	0	0	0	0	0	0	0	0	0	1	15	0	16	99.41%
517	퍼블리즌	퍼블리시티	시티즌	등재	0	8	3	3	0	0	0	0	0	2	0	0	0	0	16	99.42%
518	폰딧불이	핸드폰	반딧불이		0	0	0	0	0	0	10	0	5	0	0	1	0	0	16	99.42%
519	향테리어	향	인테리어	등재	0	0	0	0	0	0	0	0	2	0	0	3	4	7	16	99.42%
520	굿힘당	굿	국힘당		0	0	0	0	0	0	0	0	0	0	0	0	0	15	15	99.42%
521	롤리건	롤리그(rolig)	훌리건	등재	1	14	0	0	0	0	0	0	0	0	0	0	0	0	15	99.43%
522	마스크네	마스크	아크네		0	0	0	0	0	0	0	0	0	0	0	1	13	1	15	99.43%
523	맵찔이	맵다	찌질이		0	0	0	0	0	0	0	0	1	0	4	6	1	3	15	99.43%
524	먹바타	먹다	아바타		0	0	0	0	0	0	0	0	0	5	10	0	0	0	15	99.44%
525	밀리스포츠	밀리터리	스포츠		0	2	0	0	0	0	0	0	1	1	0	6	2	3	15	99.44%
526	반캉스	반(半)	바캉스		0	0	0	0	0	0	0	0	0	0	0	0	1	14	15	99.44%
527	방스타그램	방	인스타그램		0	0	0	0	0	0	1	10	3	0	0	1	0	0	15	99.44%
528	스크루플레이션	스크루(screw)	인플레이션	등재	0	0	0	6	0	0	0	0	0	6	0	0	0	3	15	99.45%
529	어른이날	어른	어린이날		0	0	0	0	0	3	2	0	0	1	5	2	2	0	15	99.45%
530	와우저	와우	유저	등재	1	0	1	0	0	8	0	0	2	1	2	0	0	0	15	99.45%
531	유행템	유행	아이템		0	0	0	0	0	0	0	0	0	2	6	4	1	2	15	99.45%
532	커넥티즌	커넥트	시티즌	등재	0	0	0	0	0	15	0	0	0	0	0	0	0	0	15	99.46%
533	트라이슈머	트라이(try)	컨슈머	등재	3	0	0	2	2	0	0	0	3	1	0	4	0	0	15	99.46%
534	파티스트	파티	아티스트		0	0	3	6	1	0	0	0	0	0	0	1	0	4	15	99.46%
535	펫셔리	펫	럭셔리	등재	0	0	0	0	0	0	0	0	0	9	0	1	4	1	15	99.47%
536	휴캉스	휴식	바캉스		0	0	0	0	0	0	0	0	0	0	4	2	0	9	15	99.47%
537	노파라치	노래방	파파라치	등재	2	3	0	0	1	8	0	0	0	0	0	0	0	0	14	99.47%
538	뒷구정동	뒤	압구정동		0	1	0	0	0	0	1	0	10	2	0	0	0	0	14	99.47%
539	서프리카	서울	아프리카	등재	0	0	0	0	0	0	1	0	0	11	1	0	1	0	14	99.48%
540	어른돌	어른	아이돌		0	4	2	1	0	0	1	0	0	0	4	0	2	0	14	99.48%
541	얼리어먹터	얼리어답터	먹다	등재	0	0	0	0	0	0	0	0	8	0	0	0	3	3	14	99.48%
542	웰캉스	웰니스	바캉스		0	0	0	0	0	0	0	0	0	0	0	11	3	0	14	99.48%
543	유캉스	유치원	바캉스		0	0	0	0	0	0	0	0	0	0	0	7	7	0	14	99.49%
544	의느님	의사	하느님		0	0	0	1	1	2	2	1	1	1	3	0	1	1	14	99.49%
545	채밍아웃	채식	커밍아웃		0	0	0	0	0	0	0	0	1	10	3	0	0	0	14	99.49%
546	체헐리즘	체험	저널리즘		0	0	0	0	0	0	0	0	0	2	0	9	3	0	14	99.49%
547	콘도텔	콘도	호텔		1	4	2	0	2	0	0	0	1	0	1	3	0	0	14	99.50%
548	쿠폰깡	쿠폰	와리깡		14	0	0	0	0	0	0	0	0	0	0	0	0	0	14	99.50%
549	텔레크라시	텔레비전	데모크라시	등재	2	0	0	12	0	0	0	0	0	0	0	0	0	0	14	99.50%
550	폴리터	폴리티션	트위터		2	5	3	0	1	0	0	1	2	0	0	0	0	0	14	99.50%
551	겨터파크	겨드랑이	워터파크	등재	0	0	0	0	0	0	2	0	6	0	2	2	0	1	13	99.51%
552	리턴트	리턴	스튜던트		0	0	0	5	2	2	3	0	0	0	0	0	1	0	13	99.51%
553	미투플레인	미투	플레인	등재	0	0	0	0	0	0	0	0	0	13	0	0	0	0	13	99.51%
554	설거지옥	설거지	지옥	등재	0	0	0	0	0	0	0	0	0	6	5	0	1	1	13	99.51%
555	셀슈머	셀(sell)	컨슈머	등재	0	0	0	3	0	0	0	0	0	8	2	0	0	0	13	99.52%
556	임밍아웃	임신	커밍아웃	등재	0	0	0	0	0	0	0	0	0	0	0	1	2	10	13	99.52%
557	자트릭스	자지	매트릭스		0	0	0	0	0	0	0	0	0	0	3	3	0	7	13	99.52%
558	토폐인	토익	폐인		7	3	2	0	1	0	0	0	0	0	0	0	0	0	13	99.52%
559	트페미	트위터	페미니스트		6	0	0	1	0	0	0	0	1	5	0	0	0	0	13	99.52%
560	푸틴플레이션	푸틴	인플레이션		0	0	0	0	0	0	0	0	0	0	0	0	0	13	13	99.53%
561	효캉스	효도	바캉스		0	0	0	0	0	0	0	0	0	2	1	2	3	5	13	99.53%
562	고렴이	고가	저렴이	등재	0	0	0	0	3	1	0	5	1	1	1	0	0	0	12	99.53%
563	기승전돔	기승전결	돔		0	0	0	0	0	4	1	1	0	0	0	0	0	6	12	99.53%
564	노예팅	노예	미팅	등재	0	1	1	0	1	8	1	0	0	0	0	0	0	0	12	99.54%
565	뉴밀리어	뉴	패밀리어		0	0	0	0	0	0	0	0	0	0	0	12	0	0	12	99.54%
566	땅테크	땅	재테크	등재	0	2	1	0	0	0	0	1	0	0	1	1	6	0	12	99.54%
567	리딩테인먼트	리딩	엔터테인먼트		0	0	0	0	0	0	0	0	0	1	0	2	9	0	12	99.54%
568	맘코노미	맘	이코노미	등재	0	0	0	0	0	0	0	0	0	0	1	11	0	0	12	99.54%
569	면스플레인	면	플레인	등재	0	0	0	0	0	0	0	4	1	7	0	0	0	0	12	99.55%
570	산세권	산	역세권		0	0	0	0	0	0	0	0	0	0	1	6	2	3	12	99.55%
571	어음깡	어음	와리깡		0	1	0	0	2	0	0	0	2	2	0	1	0	4	12	99.55%
572	욕로남불	욕	내로남불		0	0	0	0	0	0	0	0	0	0	0	0	0	12	12	99.55%
573	찍캉스	찍다	바캉스		0	0	0	0	0	0	0	0	0	0	12	0	0	0	12	99.56%
574	치캉스	치킨	바캉스		0	0	0	0	0	0	0	0	0	0	8	0	4	0	12	99.56%
575	큐레이슈머	큐레이터(curator)	컨슈머		0	0	0	9	3	0	0	0	0	0	0	0	0	0	12	99.56%
576	플대디	플레이	대디	등재	0	0	0	0	2	7	0	0	1	0	0	0	0	2	12	99.56%
577	핵인싸템	핵인싸	아이템		0	0	0	0	0	0	0	0	0	2	3	4	3	0	12	99.56%
578	혼코노미	혼자	이코노미	등재	0	0	0	0	0	0	0	0	0	0	0	9	2	1	12	99.57%
579	가성비템	가성비	아이템	등재	0	0	0	0	0	0	0	0	0	0	0	0	6	5	11	99.57%
580	개린이날	개	어린이날		0	0	0	0	0	0	0	0	0	3	0	8	0	0	11	99.57%
581	공감툰	공감	카툰	등재	0	0	0	0	0	2	0	0	1	1	0	4	1	2	11	99.57%
582	공트럴파크	공릉	센트럴파크		0	0	0	0	0	0	0	2	5	0	0	0	0	4	11	99.57%
583	군파라치	군대	파파라치		0	0	0	0	0	11	0	0	0	0	0	0	0	0	11	99.58%
584	냥아치	냥	양아치		0	0	2	1	0	1	1	0	0	0	3	2	1	0	11	99.58%
585	닥터테이너	닥터	엔터테이너	등재	0	0	0	0	4	1	3	0	0	0	1	0	2	0	11	99.58%
586	디제라티	디지털	리터라티	등재	1	0	3	3	0	0	0	0	0	0	0	0	1	3	11	99.58%
587	맛세권	맛	역세권		0	0	0	0	0	0	0	0	0	1	4	4	1	1	11	99.58%
588	미즈캠	미즈	캠핑		0	0	0	1	0	0	1	0	0	0	0	9	0	0	11	99.59%
589	북페라	북	오페라		0	0	0	0	0	0	0	0	0	0	11	0	0	0	11	99.59%
590	소통테이너	소통	엔터테이너		0	0	0	0	5	1	3	1	1	0	0	0	0	0	11	99.59%
591	애드슈머	애드버타이징(advertising)	컨슈머	등재	1	5	0	0	0	0	0	0	0	0	0	0	5	0	11	99.59%
592	옥캉스	옥상	바캉스		0	0	0	0	0	0	0	0	0	0	0	3	2	6	11	99.59%
593	워커빌리티	워크	어빌리티	등재	0	0	0	0	0	0	10	1	0	0	0	0	0	0	11	99.60%
594	이터테인먼트	이트(eat)	엔터테인먼트	등재	0	0	0	1	0	0	0	1	6	0	0	3	0	0	11	99.60%
595	자이낸스	Z	파이낸스		0	0	0	0	0	0	0	0	0	0	0	0	0	11	11	99.60%
596	차캉스	차	바캉스		1	0	0	0	0	0	0	0	0	0	0	0	10	0	11	99.60%
597	차파라치	차(車)	파파라치	등재	1	1	0	0	0	0	0	2	1	0	0	6	0	0	11	99.60%
598	코벤져스	코로나	어벤져스		0	0	0	0	0	0	0	0	0	0	2	9	0	0	11	99.61%
599	플렉시테리안	플렉시블	베지테리안		0	0	0	0	0	0	0	0	0	1	0	0	9	1	11	99.61%
600	하비슈머	하비(hobby)	컨슈머	등재	0	0	0	0	0	0	0	0	0	0	10	1	0	0	11	99.61%
601	학폭투	학폭	미투		0	0	0	0	0	0	0	0	0	0	8	3	0	0	11	99.61%
602	혼테크	혼인	재테크	등재	5	0	0	1	0	1	0	1	0	3	0	0	0	0	11	99.61%
603	개리야스	개	메리야스		0	0	0	0	0	0	0	0	0	0	0	0	0	10	10	99.62%
604	노캉스	노(no)	바캉스		2	7	0	0	0	0	1	0	0	0	0	0	0	0	10	99.62%
605	되팔렘	되팔다	네팔렘		0	0	0	0	0	0	0	0	2	0	0	2	2	4	10	99.62%
606	라제비	라면	수제비	등재	0	1	3	2	1	0	0	1	1	1	0	0	0	0	10	99.62%
607	락캉스	락(rock)	바캉스		0	0	0	0	0	0	0	0	0	0	10	0	0	0	10	99.62%
608	맵티즌	맵	시티즌		10	0	0	0	0	0	0	0	0	0	0	0	0	0	10	99.62%
609	멍스타그램	멍멍이	인스타그램		0	0	0	0	0	0	1	2	5	2	0	0	0	0	10	99.63%
610	바이슈머	바이어(buyer)	컨슈머	등재	0	0	0	0	0	9	1	0	0	0	0	0	0	0	10	99.63%
611	뷰티테이너	뷰티	엔터테이너	등재	0	0	0	0	0	0	0	0	0	1	5	0	4	0	10	99.63%
612	빈트로	빈티지	레트로		0	0	0	0	0	0	0	0	0	0	9	1	0	0	10	99.63%
613	산캉스	산	바캉스		0	0	0	0	0	0	0	0	0	0	0	0	10	0	10	99.63%
614	성파라치	성매매	파파라치	등재	8	0	0	0	0	0	0	2	0	0	0	0	0	0	10	99.64%
615	웸등포	웸블리	영등포		0	0	0	0	0	0	0	0	0	8	2	0	0	0	10	99.64%
616	인형돌	인형	아이돌		0	2	1	1	1	0	3	2	0	0	0	0	0	0	10	99.64%
617	젊줌마	젊다	아줌마		0	0	0	0	0	0	0	0	8	2	0	0	0	0	10	99.64%
618	축캉스	축구	바캉스		0	0	0	0	0	0	0	0	0	0	10	0	0	0	10	99.64%
619	취켓팅	취소표	티켓팅	등재	0	0	0	0	0	0	0	0	0	2	1	0	2	5	10	99.64%
620	카페케이션	카페	베이케이션		0	0	0	0	0	0	0	0	0	2	3	3	1	1	10	99.65%
621	코내기	코로나	새내기	등재	0	0	0	0	0	0	0	0	0	0	0	0	0	10	10	99.65%
622	코비디엇	코비드	이디엇		0	0	0	0	0	0	0	0	0	0	0	7	3	0	10	99.65%
623	탁시노믹스	탁신(Thaksin)	이코노믹스		3	2	1	2	0	0	1	0	0	1	0	0	0	0	10	99.65%
624	탤개맨	탤런트	개그맨		3	2	0	0	0	0	0	5	0	0	0	0	0	0	10	99.65%
625	페미코인	페미	코인		0	0	0	0	0	0	0	0	0	1	6	0	3	0	10	99.66%
626	펫부심	펫	자부심	등재	0	0	0	0	0	0	0	0	0	9	0	1	0	0	10	99.66%
627	프리코노믹스	프리(free)	이코노믹스	등재	3	1	1	1	3	1	0	0	0	0	0	0	0	0	10	99.66%
628	하우스테이너	하우스	엔터테이너		0	0	0	0	0	0	0	0	4	0	6	0	0	0	10	99.66%
629	휘겔리케이션	휘게	베이케이션	등재	0	0	0	0	0	0	0	0	10	0	0	0	0	0	10	99.66%
630	힙화점	힙	백화점		0	0	0	0	0	0	0	0	0	0	0	6	3	1	10	99.66%
631	네코노믹스	네코(ねこ)	이코노믹스	등재	0	0	0	0	0	0	0	0	8	1	0	0	0	0	9	99.67%
632	동캉스	동굴	바캉스		0	0	0	0	0	0	0	0	0	0	5	2	1	1	9	99.67%
633	딸통법	딸	단통법		0	0	0	0	0	0	9	0	0	0	0	0	0	0	9	99.67%
634	먹튜브	먹다	유튜브		0	0	0	0	0	0	0	0	0	0	4	4	0	1	9	99.67%
635	메디슈머	메디컬(medical)	컨슈머	등재	6	1	0	0	2	0	0	0	0	0	0	0	0	0	9	99.67%
636	세컨슈머	세컨드(second)	컨슈머		0	0	0	0	0	0	0	0	0	0	0	0	8	1	9	99.67%
637	스키너트	스킨	다이어트	등재	3	2	0	0	3	0	0	0	0	1	0	0	0	0	9	99.68%
638	에코슈머	에코(eco)	컨슈머	등재	3	2	1	0	0	0	0	0	0	1	2	0	0	0	9	99.68%
639	영파라치	영화	파파라치	등재	8	0	1	0	0	0	0	0	0	0	0	0	0	0	9	99.68%
640	웨비소드	웹	에피소드		0	0	5	0	1	2	1	0	0	0	0	0	0	0	9	99.68%
641	위키팩처링	위키	매뉴팩처링	등재	0	0	6	0	0	0	0	1	0	1	1	0	0	0	9	99.68%
642	일밍아웃	일간베스트	커밍아웃		0	0	0	0	4	2	0	1	0	0	1	0	0	1	9	99.68%
643	취케팅	취소표	티케팅		0	0	0	0	0	0	5	2	1	0	0	0	0	1	9	99.69%
644	캠캉스	캠핑	바캉스		0	0	0	0	0	0	0	0	0	0	2	2	4	1	9	99.69%
645	코리우드	코리아	헐리우드		0	0	0	0	0	0	0	0	2	0	3	4	0	0	9	99.69%
646	큐코노미	큐(Q: Quarantine)	이코노미		0	0	0	0	0	0	0	0	0	0	0	9	0	0	9	99.69%
647	키친브러리	키친	라이브러리	등재	0	0	0	7	2	0	0	0	0	0	0	0	0	0	9	99.69%
648	테크래시	테크놀로지	백래시	등재	0	0	0	0	0	0	0	0	0	5	2	2	0	0	9	99.69%
649	겜캉스	겜	바캉스		0	0	0	0	0	0	0	0	0	0	0	0	4	4	8	99.70%
650	금등어	금	고등어		1	1	1	2	0	1	0	0	0	0	0	0	2	0	8	99.70%
651	꿀잠템	꿀잠	아이템		0	0	0	0	0	0	0	0	0	0	2	2	3	1	8	99.70%
652	라믈리에	라면	소믈리에	등재	0	0	0	0	0	0	0	0	0	5	3	0	0	0	8	99.70%
653	모티켓	모바일	에티켓	등재	0	2	1	0	1	0	2	0	0	0	0	2	0	0	8	99.70%
654	백시케이션	백신	베이케이션		0	0	0	0	0	0	0	0	0	0	0	0	8	0	8	99.70%
655	베이비노믹스	베이비(baby)	이코노믹스	등재	0	0	0	0	8	0	0	0	0	0	0	0	0	0	8	99.70%
656	베지플레이션	베지터블	인플레이션	등재	1	6	0	1	0	0	0	0	0	0	0	0	0	0	8	99.71%
657	사진팅	사진	미팅		0	8	0	0	0	0	0	0	0	0	0	0	0	0	8	99.71%
658	술린이	술	어린이		0	0	2	2	4	0	0	0	0	0	0	0	0	0	8	99.71%
659	슬럼프플레이션	슬럼프(slump)	인플레이션	등재	0	0	5	2	0	0	1	0	0	0	0	0	0	0	8	99.71%
660	신바레이션	신바람	레이션		2	3	2	1	0	0	0	0	0	0	0	0	0	0	8	99.71%
661	싫존주의	싫다	실존주의	등재	0	0	0	0	0	0	0	0	0	3	3	0	2	0	8	99.71%
662	썸캉스	썸머	바캉스		0	0	0	0	0	0	0	0	0	0	0	3	4	1	8	99.71%
663	오피스템	오피스	아이템	등재	0	0	0	0	0	0	0	1	2	0	0	5	0	0	8	99.72%
664	이탈리브	이탈리아	리브	등재	0	0	0	0	0	0	0	8	0	0	0	0	0	0	8	99.72%
665	코로노미	코로나	이코노미		0	0	0	0	0	0	0	0	0	0	0	5	3	0	8	99.72%
666	코로벌	코리아	글로벌		8	0	0	0	0	0	0	0	0	0	0	0	0	0	8	99.72%
667	쿨캉스	쿨(cool)	바캉스		0	0	0	0	0	0	0	0	0	0	5	0	0	3	8	99.72%
668	폴리테인먼트	폴리티컬	엔터테인먼트		0	0	0	5	0	0	0	0	3	0	0	0	0	0	8	99.72%
669	할스타	할어미	인스타	등재	0	0	0	0	0	3	0	0	0	0	4	0	1	0	8	99.72%
670	혼러닝	혼자	러닝	등재	0	0	0	0	0	0	0	0	0	0	0	8	0	0	8	99.73%
671	갱춘기	갱년기	사춘기	등재	0	0	0	0	0	0	0	4	3	0	0	0	0	0	7	99.73%
672	과캉스	과학	바캉스		0	0	0	0	0	0	0	0	0	0	0	7	0	0	7	99.73%
673	그린플루언서	그린	인플루언서		0	0	0	0	0	0	0	0	0	0	0	0	6	1	7	99.73%
674	나일리지	나	마일리지	등재	0	0	0	0	0	0	0	0	2	3	2	0	0	0	7	99.73%
675	냥스타그램	고양이	인스타그램		0	0	0	0	0	0	1	2	4	0	0	0	0	0	7	99.73%
676	뉴로빅	뉴런	에어로빅	등재	0	1	1	0	2	0	0	0	0	0	3	0	0	0	7	99.73%
677	담파라치	담배	파파라치	등재	3	0	0	0	0	2	1	1	0	0	0	0	0	0	7	99.73%
678	레캉스	레저	바캉스	등재	0	0	0	0	6	0	0	0	0	0	1	0	0	0	7	99.74%
679	마세권	마라탕	역세권		0	0	0	0	0	0	0	0	0	0	5	0	0	2	7	99.74%
680	마코인	마스크	코인		0	1	0	0	0	0	0	0	0	0	0	0	2	4	7	99.74%
681	먹슬림	먹다	무슬림		0	0	0	0	0	0	0	0	1	6	0	0	0	0	7	99.74%
682	모캉스	모텔	바캉스	등재	0	0	0	0	0	0	0	0	0	0	0	3	4	0	7	99.74%
683	붐플레이션	붐(boom)	인플레이션	등재	0	0	0	0	0	0	0	0	0	0	0	0	0	7	7	99.74%
684	뷰세권	뷰(view)	역세권	등재	0	0	0	0	0	0	0	0	0	0	0	0	6	1	7	99.74%
685	블라팅	블라인드	미팅		0	0	0	4	1	0	1	1	0	0	0	0	0	0	7	99.74%
686	서베리아	서울	시베리아	등재	0	0	0	0	0	0	0	0	0	7	0	0	0	0	7	99.75%
687	술캉스	술	바캉스		0	0	0	0	0	0	0	0	0	0	0	0	1	6	7	99.75%
688	스가노믹스	스가	이코노믹스		0	0	0	0	0	0	0	0	0	0	0	7	0	0	7	99.75%
689	앱만장자	앱	억만장자		0	0	0	6	1	0	0	0	0	0	0	0	0	0	7	99.75%
690	어캉스	어촌	바캉스		0	0	0	0	0	0	0	0	0	0	0	2	2	3	7	99.75%
691	에코템	에코	아이템	등재	0	0	0	0	2	0	0	0	0	0	0	3	2	0	7	99.75%
692	우마드	우먼	노마드		0	4	0	0	1	0	0	2	0	0	0	0	0	0	7	99.75%
693	울프리카	울산	아프리카	등재	0	0	0	0	0	0	7	0	0	0	0	0	0	0	7	99.75%
694	천사돌	천사	아이돌		0	0	0	1	0	0	0	2	0	0	0	0	4	0	7	99.76%
695	청스타그램	청와대	인스타그램		0	0	0	0	0	0	0	6	1	0	0	0	0	0	7	99.76%
696	토켓팅	토익	티켓팅	등재	0	0	0	0	0	0	0	0	0	0	0	7	0	0	7	99.76%
697	트러스노믹스	트러스	이코노믹스		0	0	0	0	0	0	0	0	0	0	0	0	0	7	7	99.76%
698	파캉스	파크	바캉스		2	0	0	0	0	0	0	0	0	0	3	0	0	2	7	99.76%
699	팍세권	파크(park)	역세권	등재	0	0	0	0	0	0	0	0	0	0	0	6	1	0	7	99.76%
700	퍼슈머	퍼슈(pursue)	컨슈머	등재	0	1	0	0	0	3	0	2	1	0	0	0	0	0	7	99.76%
701	펀캉스	펀(fun)	바캉스		0	0	0	0	0	0	0	0	0	0	0	0	6	1	7	99.77%
702	포켓코노미	포켓몬고	이코노미		0	0	0	0	0	0	0	0	7	0	0	0	0	0	7	99.77%
703	푸드플레이션	푸드	인플레이션	등재	0	0	0	0	0	0	0	0	0	0	0	0	0	7	7	99.77%
704	플레이슈머	플레이(play)	컨슈머	등재	0	0	0	0	3	0	0	0	4	0	0	0	0	0	7	99.77%
705	학피아	학교	마피아	등재	0	0	0	0	0	3	0	2	2	0	0	0	0	0	7	99.77%
706	희캉스	김희재	바캉스		0	0	0	0	0	0	0	0	0	0	0	0	0	7	7	99.77%
707	개그몬	개그	몬스터	등재	0	0	1	0	0	0	0	0	0	0	3	2	0	0	6	99.77%
708	고통철	고통	지하철	등재	3	0	1	1	0	0	0	0	1	0	0	0	0	0	6	99.77%
709	골플루언서	골프	인플루언서		0	0	0	0	0	0	0	0	0	0	0	1	0	5	6	99.77%
710	공파라치	공무원	파파라치		0	0	3	0	0	0	0	0	0	0	0	3	0	0	6	99.78%
711	관트리피케이션	관	젠트리피케이션	등재	0	0	0	0	0	0	0	0	3	0	2	0	0	1	6	99.78%
712	김파라치	김영란법	파파라치		0	0	0	0	0	0	0	6	0	0	0	0	0	0	6	99.78%
713	남페미	남	페미니스트	등재	0	0	0	0	0	0	0	0	2	2	0	0	2	0	6	99.78%
714	농파라치	농산물	파파라치	등재	1	0	0	0	0	5	0	0	0	0	0	0	0	0	6	99.78%
715	도네티즌	도네이션	시티즌	등재	5	0	0	0	0	0	0	0	0	1	0	0	0	0	6	99.78%
716	도파라치	도시락 용기	파파라치	등재	0	0	0	0	6	0	0	0	0	0	0	0	0	0	6	99.78%
717	드라크마겟돈	드라크마	아마겟돈		0	0	0	6	0	0	0	0	0	0	0	0	0	0	6	99.78%
718	맥럭셔리	맥도날드	럭셔리	등재	3	1	2	0	0	0	0	0	0	0	0	0	0	0	6	99.78%
719	맵덕후	맵	오덕후		0	0	0	0	0	0	0	0	0	0	0	0	0	6	6	99.79%
720	먹설팅	먹다	컨설팅		0	0	0	0	0	0	0	0	6	0	0	0	0	0	6	99.79%
721	문구덕	문구	덕후		0	0	0	0	0	0	0	0	0	6	0	0	0	0	6	99.79%
722	선파라치	선거	파파라치	등재	1	2	0	1	0	0	0	2	0	0	0	0	0	0	6	99.79%
723	소피커	소(所)	스피커		0	0	0	0	0	0	0	0	0	1	2	3	0	0	6	99.79%
724	쇼린이	쇼핑	어린이		0	0	0	0	0	0	0	0	6	0	0	0	0	0	6	99.79%
725	쇼퍼테이너	쇼퍼	엔터테이너		0	0	0	0	0	0	0	0	0	0	1	0	3	2	6	99.79%
726	스마이즈	스마일	게이즈		0	0	0	0	0	0	0	0	0	0	0	0	6	0	6	99.79%
727	스키텔	스키	호텔		0	0	1	0	0	0	0	0	1	0	0	4	0	0	6	99.79%
728	쌀파라치	쌀	파파라치		5	1	0	0	0	0	0	0	0	0	0	0	0	0	6	99.80%
729	아나털	아날로그	디지털		6	0	0	0	0	0	0	0	0	0	0	0	0	0	6	99.80%
730	에코플레이션	에코	인플레이션	등재	0	0	2	1	2	0	1	0	0	0	0	0	0	0	6	99.80%
731	여혐민국	여혐	대한민국		0	0	0	0	0	0	0	1	0	4	0	1	0	0	6	99.80%
732	유지어트	유지	다이어트	등재	0	0	0	0	0	0	0	0	0	0	0	0	0	6	6	99.80%
733	차덕후	차	오덕후	등재	0	0	0	0	0	0	0	0	0	0	4	0	1	1	6	99.80%
734	콜리건	코리안	훌리건		0	1	0	1	0	2	0	0	0	0	0	0	1	1	6	99.80%
735	트윈슈머	트윈(twin)	컨슈머	등재	0	2	3	0	1	0	0	0	0	0	0	0	0	0	6	99.80%
736	페밍아웃	페미니스트	커밍아웃		0	0	0	0	0	0	0	0	2	4	0	0	0	0	6	99.80%
737	포크샵	포럼	워크샵		0	0	0	0	0	0	0	0	0	0	4	0	0	2	6	99.81%
738	프로틴플레이션	프로틴	인플레이션		0	0	0	0	0	0	0	0	0	0	0	0	5	1	6	99.81%
739	홍가포르	홍콩	싱가포르		0	0	0	0	5	0	1	0	0	0	0	0	0	0	6	99.81%
740	힙찔이	힙합	찌질이	등재	0	0	0	0	0	0	0	1	2	1	2	0	0	0	6	99.81%
741	가드름	가슴	여드름		0	0	0	0	0	0	1	0	1	0	1	0	2	0	5	99.81%
742	감피아	감사원	마피아		2	0	0	0	0	0	0	2	0	0	0	1	0	0	5	99.81%
743	넥카프	넥	스카프		0	3	0	0	0	0	0	2	0	0	0	0	0	0	5	99.81%
744	넵무새	넵	앵무새		0	0	0	0	0	0	0	0	0	0	5	0	0	0	5	99.81%
745	넷파라치	인터넷	파파라치	등재	0	1	0	0	0	4	0	0	0	0	0	0	0	0	5	99.81%
746	넷파이	네트워크	스파이		0	0	0	0	0	0	2	0	0	0	0	1	0	2	5	99.81%
747	뉴캉스	뉴이어	바캉스		0	0	0	0	0	0	0	0	0	0	0	0	5	0	5	99.81%
748	대네수엘라	대구	베네수엘라		0	0	0	0	0	0	0	0	0	0	0	5	0	0	5	99.82%
749	라우동	라면	우동		0	1	0	0	0	0	0	0	0	4	0	0	0	0	5	99.82%
750	롤러모빌	모토롤러	아우토모빌		0	0	0	0	0	0	5	0	0	0	0	0	0	0	5	99.82%
751	리캉스	리조트	바캉스		0	0	0	0	0	0	0	0	0	1	0	0	4	0	5	99.82%
752	맨슈머	맨	컨슈머	등재	0	0	1	1	0	0	2	0	1	0	0	0	0	0	5	99.82%
753	머쓱타드	머쓱하다	카스타드		0	0	0	0	0	0	0	0	0	0	1	0	0	4	5	99.82%
754	머피아	엄마	마피아		2	0	0	0	0	0	0	0	3	0	0	0	0	0	5	99.82%
755	먹부심	먹다	자부심	등재	0	0	0	0	0	0	0	0	0	1	2	0	1	1	5	99.82%
756	모블로그	모바일	블로그	등재	5	0	0	0	0	0	0	0	0	0	0	0	0	0	5	99.82%
757	문슬림	문재인	무슬림		0	0	0	0	0	0	0	0	5	0	0	0	0	0	5	99.82%
758	보라바이트	볼룬티어	아르바이트		0	5	0	0	0	0	0	0	0	0	0	0	0	0	5	99.82%
759	보트텔	보트	호텔		0	0	0	0	0	0	0	0	0	4	1	0	0	0	5	99.83%
760	보파라치	보험	파파라치		0	2	0	0	0	0	0	0	0	3	0	0	0	0	5	99.83%
761	본인피셜	본인	오피셜	등재	0	0	0	0	0	0	0	0	0	0	0	2	3	0	5	99.83%
762	블로거브리티	블로거	셀러브리티		0	0	0	0	0	5	0	0	0	0	0	0	0	0	5	99.83%
763	빙캉스	빙수	바캉스		0	0	0	0	0	0	0	0	0	0	0	4	0	1	5	99.83%
764	셀플루언서	셀프	인플루언서		0	0	0	0	0	0	0	0	0	5	0	0	0	0	5	99.83%
765	시티슈머	시티(city)	컨슈머	등재	0	0	0	5	0	0	0	0	0	0	0	0	0	0	5	99.83%
766	식큐멘터리	식(食)	다큐멘터리		0	0	0	0	0	0	0	1	1	2	1	0	0	0	5	99.83%
767	싸캉스	싸이언스	바캉스		0	0	0	0	0	0	0	0	0	0	2	0	3	0	5	99.83%
768	씨톡스	씨	디톡스		0	0	0	0	0	0	0	0	0	5	0	0	0	0	5	99.83%
769	아벡시트	아베노믹스	엑시트		0	0	0	0	0	0	0	2	0	3	0	0	0	0	5	99.83%
770	아파라치	아파트	파파라치	등재	0	0	0	2	1	1	0	0	0	0	0	0	0	1	5	99.84%
771	앞벅지	앞	허벅지	등재	0	0	0	0	0	0	0	4	0	1	0	0	0	0	5	99.84%
772	약파라치	약	파파라치	등재	1	0	0	1	0	2	1	0	0	0	0	0	0	0	5	99.84%
773	욕세권	욕	역세권		0	0	0	0	0	0	0	0	0	0	0	5	0	0	5	99.84%
774	웃캉스	웃찾사	바캉스		0	0	0	0	0	0	0	0	5	0	0	0	0	0	5	99.84%
775	유스텍	유스	디스코텍		4	0	1	0	0	0	0	0	0	0	0	0	0	0	5	99.84%
776	자해계	자해	계정		0	0	0	0	0	0	0	0	0	3	1	0	1	0	5	99.84%
777	줌데렐라	아줌마	신데렐라		2	1	0	1	1	0	0	0	0	0	0	0	0	0	5	99.84%
778	집터파크	집	워터파크		0	0	0	0	0	0	0	0	0	0	0	5	0	0	5	99.84%
779	치깅스	치마	레깅스	등재	0	0	0	0	0	0	2	2	1	0	0	0	0	0	5	99.84%
780	카페브러리	카페	라이브러리		0	0	1	1	0	0	2	0	1	0	0	0	0	0	5	99.84%
781	컴도사	컴퓨터	도사	등재	3	0	0	0	0	0	0	2	0	0	0	0	0	0	5	99.85%
782	톤그로	톤	어그로	등재	0	0	0	0	0	0	0	0	0	0	0	1	4	0	5	99.85%
783	투캉스	투자	바캉스		0	0	0	0	0	0	0	0	0	0	0	0	5	0	5	99.85%
784	파퀴벌레	파키스탄	바퀴벌레		0	0	5	0	0	0	0	0	0	0	0	0	0	0	5	99.85%
785	팔로인	팔로잉	인		0	0	0	0	0	0	0	0	0	1	3	1	0	0	5	99.85%
786	팩력배	팩트	폭력배	등재	0	0	0	0	0	0	0	3	1	1	0	0	0	0	5	99.85%
787	페미민국	페미	대한민국		0	0	0	0	0	0	0	0	0	2	0	0	0	3	5	99.85%
788	포택트	포(for)	온택트		0	0	0	0	0	0	0	1	0	0	0	2	2	0	5	99.85%
789	프로즈노믹스	프로즌(frozen)	이코노믹스	등재	0	0	0	0	0	5	0	0	0	0	0	0	0	0	5	99.85%
790	피캉스	피시방	바캉스		0	0	0	0	0	0	0	0	0	0	5	0	0	0	5	99.85%
791	하캉스	하우스	바캉스		0	0	0	0	0	0	0	0	4	0	1	0	0	0	5	99.85%
792	혼치킨	혼자	치킨		0	0	0	0	0	0	0	0	0	0	0	0	5	0	5	99.86%
793	효과툰	효과	카툰	등재	0	0	0	0	0	0	0	2	0	2	0	0	0	1	5	99.86%
794	힐캉스	힐링	바캉스		0	0	0	0	0	0	0	0	0	0	0	4	1	0	5	99.86%
795	고답이	고구마	답답이	등재	0	0	0	0	0	3	0	0	1	0	0	0	0	0	4	99.86%
796	고인드립	고인	애드립		0	0	0	3	0	0	0	0	0	0	0	0	1	0	4	99.86%
797	공스장	공원	헬스장		0	0	0	0	0	0	0	0	0	0	0	4	0	0	4	99.86%
798	공캉스	공항	바캉스		0	0	0	0	0	0	0	0	1	0	2	0	1	0	4	99.86%
799	군나페	군대	카나페		0	0	0	0	4	0	0	0	0	0	0	0	0	0	4	99.86%
800	군무벅스	군무	스타벅스		0	0	0	0	0	0	0	4	0	0	0	0	0	0	4	99.86%
801	꽁파라치	꽁초	파파라치	등재	0	2	2	0	0	0	0	0	0	0	0	0	0	0	4	99.86%
802	나레기	나	쓰레기		0	1	0	0	2	0	0	0	1	0	0	0	0	0	4	99.86%
803	넷캉스	넷플릭스	바캉스		0	0	0	0	0	0	0	0	0	0	1	0	3	0	4	99.86%
804	노숙런	노숙	오픈런		0	0	0	0	0	0	0	0	0	0	0	0	1	3	4	99.86%
805	놀세권	놀다	역세권		0	0	0	0	0	0	0	0	0	0	4	0	0	0	4	99.87%
806	놀존심	놀다	자존심		0	0	0	0	0	0	0	0	4	0	0	0	0	0	4	99.87%
807	다야금	다	가야금		0	0	0	0	0	0	0	0	2	2	0	0	0	0	4	99.87%
808	댄스돌	댄스	아이돌		0	1	0	0	0	2	0	1	0	0	0	0	0	0	4	99.87%
809	돌민정음	아이돌	훈민정음	등재	0	0	0	0	0	0	0	0	0	1	2	0	0	1	4	99.87%
810	드캉스	드라마	바캉스		0	0	0	0	0	0	0	0	0	0	4	0	0	0	4	99.87%
811	따세권	따릉이	역세권	등재	0	0	0	0	0	0	0	0	0	0	1	0	3	0	4	99.87%
812	레스마켓	레스토랑	마켓	등재	0	0	0	0	0	0	0	0	1	0	3	0	0	0	4	99.87%
813	레어닉	레어	닉네임	등재	0	0	0	0	0	0	1	0	3	0	0	0	0	0	4	99.87%
814	마던트	마더	스튜던트		0	0	4	0	0	0	0	0	0	0	0	0	0	0	4	99.87%
815	마이싸이더	마이	인싸이더	등재	0	0	0	0	0	0	0	0	0	2	0	0	2	0	4	99.87%
816	마해자	마스크	피해자		0	0	0	0	0	0	0	0	0	0	0	0	0	4	4	99.87%
817	멍미노피자	멍멍이	도미노피자		0	0	0	0	0	0	0	0	0	0	0	0	0	4	4	99.87%
818	멍스킨라빈스	멍멍이	배스킨라빈스		0	0	0	0	0	0	0	0	0	0	0	0	0	4	4	99.87%
819	메일진	이메일	매거진	등재	1	0	0	0	0	3	0	0	0	0	0	0	0	0	4	99.88%
820	문캉스	문화	바캉스		0	0	0	0	0	0	0	0	0	3	0	0	0	1	4	99.88%
821	밖캉스	밖	바캉스		0	0	0	0	0	0	0	0	0	0	0	2	0	2	4	99.88%
822	벤처텔	벤처	호텔	등재	1	1	0	1	0	0	0	0	0	0	0	1	0	0	4	99.88%
823	봉캉스	봉화	바캉스		0	0	0	0	0	0	0	0	0	0	1	3	0	0	4	99.88%
824	북스타그래머	북(book)	인스타그래머		0	0	0	0	0	0	0	0	0	4	0	0	0	0	4	99.88%
825	브렉소더스	브렉시트	엑소더스	등재	0	0	0	0	0	0	0	2	0	1	1	0	0	0	4	99.88%
826	뽕캉스	뽕	바캉스		0	0	0	0	0	0	0	0	0	0	4	0	0	0	4	99.88%
827	삼귀다	삼	사귀다	등재	0	0	0	0	0	0	0	0	0	0	3	1	0	0	4	99.88%
828	술부심	술	자부심		0	0	0	0	0	0	0	1	0	0	0	0	0	3	4	99.88%
829	슛터링	슛	센터링		0	0	1	0	0	0	0	0	0	1	1	0	1	0	4	99.88%
830	스펜데믹	스펜드(spend)	팬데믹		0	0	0	0	0	0	0	0	0	0	0	0	1	3	4	99.88%
831	신파라치	신호등	파파라치		0	0	0	4	0	0	0	0	0	0	0	0	0	0	4	99.88%
832	애교돌	애교	아이돌		0	4	0	0	0	0	0	0	0	0	0	0	0	0	4	99.88%
833	앱티스트	앱	아티스트		0	0	0	0	0	0	2	0	2	0	0	0	0	0	4	99.89%
834	야수돌	야수	아이돌		2	0	0	2	0	0	0	0	0	0	0	0	0	0	4	99.89%
835	에듀시터	에듀케이션	베이비시터		1	0	0	0	3	0	0	0	0	0	0	0	0	0	4	99.89%
836	와이노믹스	와이(Y: yoon)	이코노믹스		0	0	0	0	0	0	0	0	0	0	0	0	0	4	4	99.89%
837	우볶이	우동	떡볶이		0	0	0	0	0	0	0	0	0	0	0	0	0	4	4	99.89%
838	울라질	울산	브라질	등재	0	0	0	0	0	0	4	0	0	0	0	0	0	0	4	99.89%
839	이모카세	미노	오마카세		0	0	0	0	0	0	0	0	0	0	0	0	2	2	4	99.89%
840	직세권	직장	역세권	등재	0	0	0	0	0	0	0	0	0	0	2	1	0	1	4	99.89%
841	체테크	체력	재테크		2	0	0	0	0	0	2	0	0	0	0	0	0	0	4	99.89%
842	칩플레이션	칩(chip)	인플레이션	등재	0	0	0	0	0	0	0	0	0	0	0	0	4	0	4	99.89%
843	퀸망진창	퀸	엉망진창		0	0	0	0	0	0	0	0	0	2	2	0	0	0	4	99.89%
844	크캉스	크루즈	바캉스		0	0	0	0	0	0	0	0	0	1	3	0	0	0	4	99.89%
845	트캉스	트레저	바캉스		0	0	0	0	0	0	0	0	0	0	0	0	3	1	4	99.89%
846	팔캉스	팔	바캉스		0	0	0	0	0	0	0	0	0	0	0	2	2	0	4	99.89%
847	팩트리어트	팩트	패트리어트	등재	0	0	0	0	0	0	0	4	0	0	0	0	0	0	4	99.90%
848	페미돔	페미닌	콘돔		0	1	0	0	0	0	0	1	1	0	1	0	0	0	4	99.90%
849	포마토	포테이토	토마토	등재	2	0	1	0	0	0	0	0	0	1	0	0	0	0	4	99.90%
850	픽캉스	피크닉	바캉스		0	0	0	0	0	0	0	0	0	0	0	1	2	1	4	99.90%
851	하이드런츠	하이드	페어런츠	등재	0	0	0	0	3	0	0	1	0	0	0	0	0	0	4	99.90%
852	한프리카	한국	아프리카		0	0	0	0	0	0	0	0	0	1	1	2	0	0	4	99.90%
853	강캉스	강(江)	바캉스		0	0	0	0	0	0	0	0	0	0	3	0	0	0	3	99.90%
854	개무룩	개	시무룩	등재	0	0	0	0	0	0	0	1	2	0	0	0	0	0	3	99.90%
855	개춘기	개	사춘기	등재	0	0	0	0	0	0	0	0	0	0	0	1	2	0	3	99.90%
856	걸페미	걸	페미니스트		0	0	0	0	0	0	0	0	0	3	0	0	0	0	3	99.90%
857	겜파라치	겜	파파라치	등재	0	0	3	0	0	0	0	0	0	0	0	0	0	0	3	99.90%
858	경매팅	경매	미팅		0	0	0	0	3	0	0	0	0	0	0	0	0	0	3	99.90%
859	고래버거	고래	햄버거		0	3	0	0	0	0	0	0	0	0	0	0	0	0	3	99.90%
860	군대렐라	군대	신데렐라		0	0	0	0	0	0	1	0	0	0	0	1	0	1	3	99.90%
861	낚린이	낚시	어린이		0	0	0	0	0	0	0	0	0	0	0	3	0	0	3	99.90%
862	눕코노미	눕다	이코노미		0	0	0	0	0	0	0	0	0	0	0	0	3	0	3	99.90%
863	당볶이	당면	떡볶이		0	0	0	0	0	0	0	0	0	0	0	0	3	0	3	99.91%
864	대드버타이징	대디	애드버타이징		0	0	0	0	0	0	0	3	0	0	0	0	0	0	3	99.91%
865	덕지순례	덕질	성지순례		0	0	0	0	0	0	0	0	0	0	3	0	0	0	3	99.91%
866	드라크메일	드라크마	블랙메일		0	0	0	3	0	0	0	0	0	0	0	0	0	0	3	99.91%
867	록부심	록	자부심	등재	0	0	0	0	0	0	1	0	0	1	1	0	0	0	3	99.91%
868	먹데렐라	먹다	신데렐라		2	0	1	0	0	0	0	0	0	0	0	0	0	0	3	99.91%
869	명품깡	명품	와리깡	등재	0	0	0	0	0	3	0	0	0	0	0	0	0	0	3	99.91%
870	무꺼풀	무	쌍커풀	등재	0	0	0	0	0	0	1	2	0	0	0	0	0	0	3	99.91%
871	미캉스	미술관	바캉스		0	0	0	0	0	0	0	0	0	2	1	0	0	0	3	99.91%
872	밀덕후	밀리터리	오덕후	등재	0	0	2	0	0	1	0	0	0	0	0	0	0	0	3	99.91%
873	반통령	반(半)	대통령		2	0	0	1	0	0	0	0	0	0	0	0	0	0	3	99.91%
874	브랭오버	브렉시트	행오버	등재	0	0	0	0	0	0	0	3	0	0	0	0	0	0	3	99.91%
875	비디오케	비디오	가라오케		2	0	0	0	0	1	0	0	0	0	0	0	0	0	3	99.91%
876	뽕트로닉	뽕	일렉트로닉		0	0	0	3	0	0	0	0	0	0	0	0	0	0	3	99.91%
877	쁘캉스	쁘걸	바캉스		0	0	0	0	0	0	0	0	0	0	0	0	3	0	3	99.91%
878	서류가즘	서류	오르가즘		0	0	0	0	0	0	2	1	0	0	0	0	0	0	3	99.91%
879	세티켓	시큐리티	에티켓		0	0	0	0	3	0	0	0	0	0	0	0	0	0	3	99.91%
880	셀스타그램	셀카	인스타그램		0	0	0	0	0	0	3	0	0	0	0	0	0	0	3	99.91%
881	쇠파라치	쇠고기	파파라치	등재	1	1	1	0	0	0	0	0	0	0	0	0	0	0	3	99.91%
882	숏케팅	숏	마케팅		0	0	0	0	0	0	0	0	0	0	0	0	3	0	3	99.92%
883	수면텔	수면	호텔		0	3	0	0	0	0	0	0	0	0	0	0	0	0	3	99.92%
884	수캉스	수(水)	바캉스		0	0	0	0	0	0	0	0	0	0	0	0	2	1	3	99.92%
885	스파라치	스마트폰	파파라치		0	0	0	3	0	0	0	0	0	0	0	0	0	0	3	99.92%
886	시티텔	시티	호텔		0	1	1	0	0	1	0	0	0	0	0	0	0	0	3	99.92%
887	애니멘터리	애니메이션	다큐멘터리	등재	0	0	0	0	0	0	0	3	0	0	0	0	0	0	3	99.92%
888	오캉스	오피스	바캉스		0	3	0	0	0	0	0	0	0	0	0	0	0	0	3	99.92%
889	오프터	오	애프터		0	0	0	0	0	0	0	0	0	1	2	0	0	0	3	99.92%
890	올세권	올리브영	역세권		0	0	0	0	0	0	0	0	0	0	0	2	1	0	3	99.92%
891	왝플레이션	왝(whack)	인플레이션		0	0	0	0	0	0	0	0	0	0	0	0	3	0	3	99.92%
892	원조돌	원조	아이돌		0	0	0	0	0	0	1	0	0	0	2	0	0	0	3	99.92%
893	월테리어	월(wall)	인테리어		0	0	0	0	0	0	0	0	0	2	0	1	0	0	3	99.92%
894	일캉스	일	바캉스		0	0	0	0	0	0	0	0	0	0	0	0	3	0	3	99.92%
895	자충수펙	자충수	스펙	등재	0	0	0	0	0	0	0	0	0	3	0	0	0	0	3	99.92%
896	저씨테이너	아저씨	엔터테이너		3	0	0	0	0	0	0	0	0	0	0	0	0	0	3	99.92%
897	줌마버핏	아줌마	워렌버핏		0	0	0	0	0	0	0	0	0	0	0	3	0	0	3	99.92%
898	지식튜브	지식	유튜브		0	0	0	0	0	0	0	0	0	0	2	1	0	0	3	99.92%
899	컨슈머토피아	컨슈머	유토피아	등재	0	0	0	0	0	0	0	2	1	0	0	0	0	0	3	99.92%
900	케요네즈	케첩	마요네즈	등재	0	0	0	0	0	0	0	0	0	0	0	0	0	3	3	99.93%
901	코로나케이션	코로나	베이케이션	등재	0	0	0	0	0	0	0	0	0	0	0	3	0	0	3	99.93%
902	코로니얼	코로나	밀레니엄		0	0	0	0	0	0	0	0	0	0	0	0	3	0	3	99.93%
903	코리엔티드	코리안	오리엔티드		0	0	3	0	0	0	0	0	0	0	0	0	0	0	3	99.93%
904	코비디보스	코비드	디보스		0	0	0	0	0	0	0	0	0	0	0	0	2	1	3	99.93%
905	코스모크라시	코스모스	데모크라시		0	0	0	0	0	0	0	3	0	0	0	0	0	0	3	99.93%
906	코캉스	코미디	바캉스		0	0	0	0	0	0	0	0	0	0	3	0	0	0	3	99.93%
907	탈밍아웃	탈덕	커밍아웃	등재	0	0	0	0	0	0	0	0	0	0	1	0	0	2	3	99.93%
908	테크니큐리언	테크놀로지	에피큐어		0	0	0	0	0	0	0	0	0	0	3	0	0	0	3	99.93%
909	토마피	토마토	파프리카		3	0	0	0	0	0	0	0	0	0	0	0	0	0	3	99.93%
910	톤체성	톤	정체성	등재	0	0	0	0	0	0	0	2	0	0	1	0	0	0	3	99.93%
911	트랜슈머	트랜스(trans)	컨슈머	등재	0	0	3	0	0	0	0	0	0	0	0	0	0	0	3	99.93%
912	퍼놀로지	펀(fun)	테크놀로지		3	0	0	0	0	0	0	0	0	0	0	0	0	0	3	99.93%
913	포크플레이션	포크	인플레이션		0	0	2	0	0	0	0	0	0	0	0	0	1	0	3	99.93%
914	포프리카	포항	아프리카		0	0	0	0	0	0	0	0	0	0	0	2	0	1	3	99.93%
915	푸스펙	푸드	스펙	등재	0	0	0	0	0	0	0	0	0	1	0	1	1	0	3	99.93%
916	퓨처럼	퓨처	포럼		0	0	0	1	0	0	0	0	1	0	0	0	1	0	3	99.93%
917	피르가즘	피부	오르가즘	등재	0	0	0	0	0	0	0	0	0	3	0	0	0	0	3	99.93%
918	학캉스	학원	바캉스		0	0	0	0	0	0	0	0	0	0	1	2	0	0	3	99.94%
919	할저씨	할아버지	아저씨	등재	0	0	0	0	0	0	2	1	0	0	0	0	0	0	3	99.94%
920	할줌마	할머니	아줌마	등재	0	0	0	0	0	0	2	1	0	0	0	0	0	0	3	99.94%
921	해녀카세	해녀	오마카세		0	0	0	0	0	0	0	0	0	0	0	0	2	1	3	99.94%
922	혹캉스	혹(酷)	바캉스		0	0	0	0	0	0	0	0	0	0	0	0	3	0	3	99.94%
923	혼카페	혼자	카페		0	0	0	0	3	0	0	0	0	0	0	0	0	0	3	99.94%
924	후랜드	후	프랜드		3	0	0	0	0	0	0	0	0	0	0	0	0	0	3	99.94%
925	휘소가치	휘(揮)	희소가치	등재	0	0	0	0	1	0	0	0	0	0	2	0	0	0	3	99.94%
926	가왕느님	가왕	하느님		0	0	0	0	2	0	0	0	0	0	0	0	0	0	2	99.94%
927	개짱이	개	베짱이		0	0	0	0	0	2	0	0	0	0	0	0	0	0	2	99.94%
928	공블러	공부	블러거	등재	0	0	0	0	0	0	1	0	0	0	0	0	0	1	2	99.94%
929	과파라치	과외	파파라치	등재	2	0	0	0	0	0	0	0	0	0	0	0	0	0	2	99.94%
930	교통령	교통사고	대통령		0	0	0	0	0	0	1	0	0	0	1	0	0	0	2	99.94%
931	국캉스	국악	바캉스		0	0	0	0	0	0	0	0	0	0	0	2	0	0	2	99.94%
932	귤캉스	귤	바캉스		0	0	0	0	0	0	0	0	0	0	2	0	0	0	2	99.94%
933	급캉스	급	바캉스		0	0	0	0	0	0	0	0	0	0	0	2	0	0	2	99.94%
934	껌치기	껌	소매치기		0	0	0	2	0	0	0	0	0	0	0	0	0	0	2	99.94%
935	낙파라치	낙태	파파라치		1	1	0	0	0	0	0	0	0	0	0	0	0	0	2	99.94%
936	네캉스	네일아트	바캉스		0	0	0	0	0	0	0	0	0	0	2	0	0	0	2	99.94%
937	넷키즈	인터넷	키즈		0	0	0	0	0	2	0	0	0	0	0	0	0	0	2	99.94%
938	노슬아치	노인	벼슬아치		0	0	0	0	0	0	1	0	1	0	0	0	0	0	2	99.94%
939	농캉스	농촌	바캉스		0	0	0	0	0	0	0	0	0	0	0	1	0	1	2	99.94%
940	뇌이징	뇌	에이징		0	0	0	0	0	0	0	0	0	0	0	1	1	0	2	99.94%
941	돈캉스	돈(豚)	바캉스		0	0	0	0	0	0	0	0	0	0	0	2	0	0	2	99.94%
942	디캉스	디저트	바캉스		0	0	0	0	0	0	0	0	0	0	0	2	0	0	2	99.94%
943	따수레	따뜻하다	손수레		0	0	0	0	0	0	2	0	0	0	0	0	0	0	2	99.95%
944	런드로이드	런드리	안드로이드		0	0	0	0	0	0	0	0	2	0	0	0	0	0	2	99.95%
945	런티켓	러닝	에티켓		0	1	1	0	0	0	0	0	0	0	0	0	0	0	2	99.95%
946	럽캉스	럽(love)	바캉스		0	0	0	0	0	0	0	0	0	0	0	2	0	0	2	99.95%
947	로코저씨	로코	아저씨		0	0	0	0	0	0	0	2	0	0	0	0	0	0	2	99.95%
948	룸캉스	룸(room)	바캉스		0	0	0	0	0	0	0	0	0	0	0	1	1	0	2	99.95%
949	리서슈머	리서처(researcher)	컨슈머	등재	0	0	0	0	0	0	0	0	0	2	0	0	0	0	2	99.95%
950	맨들즈	맨	샌들즈		0	0	2	0	0	0	0	0	0	0	0	0	0	0	2	99.95%
951	먹스타그래머	먹다	인스타그래머		0	0	0	0	0	0	0	0	0	0	0	2	0	0	2	99.95%
952	멜림픽	메일	올림픽	등재	0	0	0	0	0	0	0	2	0	0	0	0	0	0	2	99.95%
953	명불허접	명불허전	허접		0	0	0	0	2	0	0	0	0	0	0	0	0	0	2	99.95%
954	바캉스팅	바캉스	미팅		0	0	0	0	0	0	0	0	2	0	0	0	0	0	2	99.95%
955	박스닥	박스권	코스닥		0	0	0	0	0	0	0	1	1	0	0	0	0	0	2	99.95%
956	방어템	방어	아이템	등재	0	0	0	0	0	0	0	0	0	0	2	0	0	0	2	99.95%
957	벅세권	스타벅스	역세권		0	0	0	0	0	0	0	0	1	0	0	1	0	0	2	99.95%
958	베넥소더스	베네치아	엑소더스	등재	0	0	0	0	0	0	0	0	1	1	0	0	0	0	2	99.95%
959	베캉스	베란다	바캉스		0	0	0	0	0	0	0	0	0	0	0	0	2	0	2	99.95%
960	베코올	베버리지	알코올		0	0	0	2	0	0	0	0	0	0	0	0	0	0	2	99.95%
961	변신돌	변신	아이돌		0	0	0	0	0	2	0	0	0	0	0	0	0	0	2	99.95%
962	불런투어	불런티어	투어		0	0	0	0	0	0	1	0	0	0	1	0	0	0	2	99.95%
963	비캉스	비행기	바캉스		0	0	0	0	0	0	0	0	0	0	0	0	0	2	2	99.95%
964	뽕디엠	뽕	이디엠	등재	0	0	0	0	0	0	0	0	1	0	1	0	0	0	2	99.95%
965	삼캉스	삼계탕	바캉스		0	0	0	0	0	0	0	0	0	0	0	0	0	2	2	99.95%
966	서우디	서울	사우디		0	0	0	0	0	0	0	0	0	1	0	0	1	0	2	99.95%
967	선배부심	선배	자부심	등재	0	0	0	0	0	0	0	0	1	0	0	1	0	0	2	99.95%
968	셋캉스	셋	바캉스		0	0	0	0	0	0	0	0	0	0	0	2	0	0	2	99.95%
969	소파라치	소방	파파라치		0	0	0	2	0	0	0	0	0	0	0	0	0	0	2	99.95%
970	스좀비	스마트폰	좀비	등재	0	0	0	0	0	1	0	0	0	1	0	0	0	0	2	99.96%
971	슬럼플레이션	슬럼프(slump)	인플레이션	등재	0	0	1	0	0	0	0	0	0	0	0	0	0	1	2	99.96%
972	아재슈머	아재	컨슈머	등재	0	0	0	0	0	0	0	0	2	0	0	0	0	0	2	99.96%
973	아파스텔	아파트	호텔	등재	0	0	0	0	0	1	0	0	0	0	0	1	0	0	2	99.96%
974	아파티즌	아파트	시티즌		1	0	0	0	0	0	1	0	0	0	0	0	0	0	2	99.96%
975	알바렐라	알바	신데렐라	등재	0	0	0	2	0	0	0	0	0	0	0	0	0	0	2	99.96%
976	얼태기	얼굴	권태기	등재	0	0	0	0	0	0	0	0	0	0	0	0	0	2	2	99.96%
977	엄마피셜	엄마	오피셜		0	0	0	0	0	0	0	0	0	0	2	0	0	0	2	99.96%
978	에너지피아	에너지	유토피아		1	0	0	0	1	0	0	0	0	0	0	0	0	0	2	99.96%
979	에듀캉스	에듀케이션	바캉스		0	0	0	0	0	0	0	0	0	2	0	0	0	0	2	99.96%
980	에코케이션	에코	베이케이션	등재	0	0	0	0	0	0	0	0	2	0	0	0	0	0	2	99.96%
981	역피셜	역사	오피셜	등재	0	0	0	0	0	0	0	2	0	0	0	0	0	0	2	99.96%
982	영캉스	영화	바캉스		0	0	0	0	0	0	0	0	0	1	1	0	0	0	2	99.96%
983	오일테크	오일(oil)	재테크		0	0	1	0	0	0	0	0	0	1	0	0	0	0	2	99.96%
984	오저씨	오빠	아저씨	등재	2	0	0	0	0	0	0	0	0	0	0	0	0	0	2	99.96%
985	욕밍아웃	욕	커밍아웃	등재	0	0	0	0	0	0	0	0	0	0	0	2	0	0	2	99.96%
986	웹테이너	웹	엔터테이너	등재	0	0	0	0	0	0	0	2	0	0	0	0	0	0	2	99.96%
987	유덜트	유스풀	어덜트		0	0	0	0	0	0	0	0	0	0	2	0	0	0	2	99.96%
988	으른이	으른	어린이		0	0	0	0	0	0	0	0	0	0	1	0	0	1	2	99.96%
989	이모메이션	이모션	인포메이션		1	1	0	0	0	0	0	0	0	0	0	0	0	0	2	99.96%
990	잇테리어	잇(IT)	인테리어	등재	0	0	0	0	0	0	0	2	0	0	0	0	0	0	2	99.96%
991	자취템	자취	아이템		0	0	0	0	0	0	0	0	0	0	2	0	0	0	2	99.96%
992	잡학피디아	잡학	위키피디아	등재	0	0	0	0	0	0	0	0	2	0	0	0	0	0	2	99.96%
993	주파라치	주식	파파라치	등재	1	0	0	0	1	0	0	0	0	0	0	0	0	0	2	99.96%
994	직춘기	직장	사춘기		0	0	0	0	0	0	0	0	0	0	2	0	0	0	2	99.96%
995	치크닉	치킨	피크닉		0	0	0	0	0	0	0	0	0	0	0	0	0	2	2	99.96%
996	캐릭돌	캐릭터	아이돌		0	2	0	0	0	0	0	0	0	0	0	0	0	0	2	99.96%
997	캔스트럭션	캔	컨스트럭션		0	0	0	0	0	0	0	0	2	0	0	0	0	0	2	99.96%
998	커넥슈머	커넥트(connect)	컨슈머		0	0	0	0	0	0	2	0	0	0	0	0	0	0	2	99.97%
999	커버데이션	커버	파운데이션		0	0	0	1	1	0	0	0	0	0	0	0	0	0	2	99.97%
1000	컴퓨니케이션	컴퓨터	커뮤니케이션	등재	0	0	0	0	0	0	1	0	0	0	1	0	0	0	2	99.97%
1001	코쿤피스	코쿤	오피스		1	0	0	0	0	0	0	1	0	0	0	0	0	0	2	99.97%
1002	키드플레이션	키드(kid)	인플레이션	등재	0	0	2	0	0	0	0	0	0	0	0	0	0	0	2	99.97%
1003	태권로빅	태권도	에어로빅	등재	0	2	0	0	0	0	0	0	0	0	0	0	0	0	2	99.97%
1004	태스크슈머	태스크(task)	컨슈머	등재	0	0	0	2	0	0	0	0	0	0	0	0	0	0	2	99.97%
1005	톤팡질팡	톤	갈팡질팡	등재	0	0	0	0	0	0	0	2	0	0	0	0	0	0	2	99.97%
1006	투어슈머	투어(tour)	컨슈머		0	0	0	0	1	0	1	0	0	0	0	0	0	0	2	99.97%
1007	튀놀이	튀다	놀이		0	0	2	0	0	0	0	0	0	0	0	0	0	0	2	99.97%
1008	특가템	특가	아이템		0	0	0	0	0	0	0	0	0	0	1	0	1	0	2	99.97%
1009	팜캉스	팜(farm)	바캉스		0	0	0	0	0	0	0	0	0	1	1	0	0	0	2	99.97%
1010	팜피아	팜(pharm)	마피아		0	0	0	1	0	0	0	0	0	0	0	0	0	1	2	99.97%
1011	팝캉스	팝(pop)	바캉스		0	0	0	0	0	0	0	0	0	0	2	0	0	0	2	99.97%
1012	팡이제로	곰팡이	제로		0	1	0	0	0	0	1	0	0	0	0	0	0	0	2	99.97%
1013	팬파라치	팬(fan)	파파라치		0	0	0	0	0	0	0	0	0	0	0	0	0	2	2	99.97%
1014	페캉스	페스티벌	바캉스		0	0	0	0	0	0	0	0	0	0	2	0	0	0	2	99.97%
1015	펫부머	펫	베이비부머	등재	0	0	0	0	0	0	0	1	0	0	1	0	0	0	2	99.97%
1016	평냉부심	평냉	자부심	등재	0	0	0	0	0	0	0	2	0	0	0	0	0	0	2	99.97%
1017	푸캉스	푸드	바캉스		0	0	0	0	0	0	0	0	0	0	2	0	0	0	2	99.97%
1018	풍캉스	풍물놀이	바캉스		0	0	0	0	0	0	0	0	0	0	2	0	0	0	2	99.97%
1019	할인깡	할인	와리깡		0	0	0	0	0	0	0	0	0	0	1	0	1	0	2	99.97%
1020	헬리보드	헬리콥터	스노보드		0	0	0	0	0	1	0	0	0	0	0	0	1	0	2	99.97%
1021	홈슈랑스	홈	인슈어런스		0	0	0	0	0	2	0	0	0	0	0	0	0	0	2	99.97%
1022	홍캉스	홍콩	바캉스		0	0	0	0	0	0	0	0	0	0	2	0	0	0	2	99.97%
1023	화캉스	화장실	바캉스		0	0	0	0	0	0	0	0	0	0	2	0	0	0	2	99.97%
1024	환경템	환경	아이템		0	0	0	0	0	0	0	0	0	0	0	0	2	0	2	99.97%
1025	가족테이너	가족	엔터테이너	등재	0	0	0	0	0	0	0	0	1	0	0	0	0	0	1	99.97%
1026	개너자이저	개	에너자이저	등재	0	0	0	0	0	0	0	0	0	0	1	0	0	0	1	99.98%
1027	겜저씨	겜	아저씨	등재	0	0	0	0	0	0	0	0	0	0	0	1	0	0	1	99.98%
1028	견파라치	견(犬)	파파라치	등재	0	0	0	0	0	0	0	0	1	0	0	0	0	0	1	99.98%
1029	경캉스	경로당	바캉스		0	0	0	0	0	0	0	0	0	0	0	0	1	0	1	99.98%
1030	골세권	골프	역세권		0	0	0	0	0	0	0	0	0	0	0	0	0	1	1	99.98%
1031	과시템	과시	아이템	등재	0	0	0	0	0	0	0	0	1	0	0	0	0	0	1	99.98%
1032	군세권	군대	역세권		0	0	0	0	0	0	0	0	0	0	1	0	0	0	1	99.98%
1033	군캉스	군대	바캉스		0	0	0	0	0	0	0	0	0	0	0	0	1	0	1	99.98%
1034	궁캉스	궁(宮)	바캉스		0	0	0	0	0	0	0	0	0	0	0	0	0	1	1	99.98%
1035	그린캉스	그린	바캉스		0	0	0	0	0	0	0	0	0	0	0	0	0	1	1	99.98%
1036	근육부심	근육	자부심	등재	0	0	0	0	0	0	0	0	0	0	0	0	0	1	1	99.98%
1037	글로비시티	글로벌	오베시티	등재	0	0	1	0	0	0	0	0	0	0	0	0	0	0	1	99.98%
1038	금연테크	금연	재테크	등재	0	0	0	0	0	0	0	0	0	0	0	1	0	0	1	99.98%
1039	깡블리	깡다구	러블리		0	0	0	0	1	0	0	0	0	0	0	0	0	0	1	99.98%
1040	꼰망주	꼰대	유망주		0	0	0	0	0	0	0	0	0	1	0	0	0	0	1	99.98%
1041	노래텔	노래	호텔		0	0	0	0	1	0	0	0	0	0	0	0	0	0	1	99.98%
1042	노티즌	노인	시티즌		0	0	0	0	0	0	0	0	0	0	0	1	0	0	1	99.98%
1043	녹두리아	녹두거리	롯데리아		0	0	0	1	0	0	0	0	0	0	0	0	0	0	1	99.98%
1044	다캉스	다이어트	바캉스		0	0	0	0	0	0	0	0	0	0	0	1	0	0	1	99.98%
1045	댄캉스	댄스	바캉스		0	0	0	0	0	0	0	0	0	0	1	0	0	0	1	99.98%
1046	댄커스	댄스	서커스		0	0	0	0	0	0	0	0	0	0	0	0	1	0	1	99.98%
1047	덕무룩	덕후	시무룩	등재	0	0	0	0	0	1	0	0	0	0	0	0	0	0	1	99.98%
1048	덕후템	덕후	아이템		0	0	0	0	0	0	0	0	0	0	0	0	0	1	1	99.98%
1049	데테크	데이터(data)	재테크	등재	0	0	0	0	0	0	0	0	0	0	0	0	0	1	1	99.98%
1050	도캉스	도서관	바캉스	등재	0	0	0	0	0	0	0	0	0	1	0	0	0	0	1	99.98%
1051	돔캉스	돔(dome)	바캉스		0	0	0	0	0	0	0	0	0	0	1	0	0	0	1	99.98%
1052	뒷벅지	뒷	허벅지		0	0	0	0	0	0	0	0	0	0	1	0	0	0	1	99.98%
1053	런예인	런	연예인	등재	0	0	0	0	0	0	0	0	0	1	0	0	0	0	1	99.98%
1054	로또텔	로또	호텔		0	0	0	1	0	0	0	0	0	0	0	0	0	0	1	99.98%
1055	롬부즈만	로열(lawyer)	옴부즈만		0	0	0	0	1	0	0	0	0	0	0	0	0	0	1	99.98%
1056	리터매너스	리터러처	매니지먼트		0	0	0	1	0	0	0	0	0	0	0	0	0	0	1	99.98%
1057	맘플루언서	맘	인플루언서		0	0	0	0	0	0	0	0	0	0	0	0	1	0	1	99.98%
1058	먹설턴트	먹다	컨설턴트		0	0	0	0	0	0	0	0	1	0	0	0	0	0	1	99.98%
1059	메타슈머	메타(meta)	컨슈머	등재	0	0	0	0	1	0	0	0	0	0	0	0	0	0	1	99.98%
1060	메티켓	메이크업	에티켓	등재	0	0	1	0	0	0	0	0	0	0	0	0	0	0	1	99.98%
1061	몰인원	몰	올인원		0	0	0	0	0	0	0	0	0	0	0	0	1	0	1	99.98%
1062	몸짱돌	몸짱	아이돌		0	0	0	0	0	0	1	0	0	0	0	0	0	0	1	99.98%
1063	묘르신	묘	어르신		0	0	0	0	0	0	0	0	0	0	0	1	0	0	1	99.98%
1064	반퇴테크	반퇴	재테크	등재	0	0	0	0	0	0	0	1	0	0	0	0	0	0	1	99.98%
1065	방송툰	방송	카툰		0	0	0	0	0	0	0	0	1	0	0	0	0	0	1	99.98%
1066	밭캉스	밭	바캉스		0	0	0	1	0	0	0	0	0	0	0	0	0	0	1	99.98%
1067	배캉스	배	바캉스		0	0	0	0	0	0	0	0	0	0	1	0	0	0	1	99.98%
1068	백세권	백화점	역세권	등재	0	0	0	0	0	0	0	0	0	0	0	0	1	0	1	99.98%
1069	뱅캉스	뱅크	바캉스		0	0	0	0	0	0	0	0	0	0	0	1	0	0	1	99.98%
1070	버거플레이션	햄버거	인플레이션		0	0	0	0	0	0	0	0	0	0	0	0	0	1	1	99.98%
1071	베드케이션	베드	베이케이션	등재	0	0	0	0	0	0	0	0	0	0	1	0	0	0	1	99.98%
1072	베이컨겟돈	베이컨	아마겟돈		0	0	0	0	0	0	1	0	0	0	0	0	0	0	1	99.98%
1073	보틀리움	보틀	아쿠아리움		0	0	0	0	0	0	0	1	0	0	0	0	0	0	1	99.98%
1074	부파라치	부동산	파파라치		0	0	1	0	0	0	0	0	0	0	0	0	0	0	1	99.98%
1075	빈느님	원빈	하느님		0	0	1	0	0	0	0	0	0	0	0	0	0	0	1	99.98%
1076	빵모닝	빵	굿모닝		0	0	0	0	0	0	0	0	0	0	0	1	0	0	1	99.98%
1077	빵플레이션	빵	인플레이션		0	0	0	0	0	0	0	0	0	0	0	0	0	1	1	99.98%
1078	상품파라치	상품	파파라치		0	0	0	0	0	0	1	0	0	0	0	0	0	0	1	99.98%
1079	서류가슴	서류	오르가슴		0	0	0	0	0	0	1	0	0	0	0	0	0	0	1	99.98%
1080	서비소베이션	서비스	이노베이션		0	0	0	0	0	0	1	0	0	0	0	0	0	0	1	99.98%
1081	서캉스	서점	바캉스		0	0	0	0	0	0	0	0	0	1	0	0	0	0	1	99.98%
1082	세캉스	세빛섬	바캉스		0	0	0	0	0	0	1	0	0	0	0	0	0	0	1	99.99%
1083	송캉스	송도	바캉스		0	0	0	0	0	0	0	0	0	1	0	0	0	0	1	99.99%
1084	순대렐라	순대	신데렐라		0	0	0	1	0	0	0	0	0	0	0	0	0	0	1	99.99%
1085	쉐어런팅	쉐어	페어런팅		0	0	0	0	0	0	0	0	0	0	0	1	0	0	1	99.99%
1086	슈파라치	슈퍼마켓	파파라치		1	0	0	0	0	0	0	0	0	0	0	0	0	0	1	99.99%
1087	스니테크	스니커즈	재테크		0	0	0	0	0	0	0	0	0	0	0	1	0	0	1	99.99%
1088	스키켓	스키장	에티켓		1	0	0	0	0	0	0	0	0	0	0	0	0	0	1	99.99%
1089	스킨로빅	스킨다이빙	에어로빅		0	0	1	0	0	0	0	0	0	0	0	0	0	0	1	99.99%
1090	스타일테이너	스타일	엔터테이너		0	1	0	0	0	0	0	0	0	0	0	0	0	0	1	99.99%
1091	스테이테인먼트	스테이	엔터테인먼트	등재	0	0	0	0	0	0	0	0	0	0	1	0	0	0	1	99.99%
1092	시캉스	시골	바캉스		0	0	0	0	0	0	0	0	0	0	1	0	0	0	1	99.99%
1093	실리우드	실리콘밸리	헐리우드		0	0	0	0	1	0	0	0	0	0	0	0	0	0	1	99.99%
1094	싱글템	싱글	아이템		0	0	0	0	0	0	0	0	0	0	1	0	0	0	1	99.99%
1095	아베그지트	아베	엑시트		0	0	0	0	0	0	0	0	0	1	0	0	0	0	1	99.99%
1096	아이스포칼립스	아이스	아포칼립스		0	0	0	0	0	1	0	0	0	0	0	0	0	0	1	99.99%
1097	아재템	아재	아이템	등재	0	0	0	0	0	0	0	0	1	0	0	0	0	0	1	99.99%
1098	아프로킹	아프로비트	킹	등재	0	1	0	0	0	0	0	0	0	0	0	0	0	0	1	99.99%
1099	안트럴파크	안양	센트럴파크		0	0	0	0	0	0	0	0	0	0	1	0	0	0	1	99.99%
1100	어통령	어쩌다	대통령		0	0	0	0	0	0	1	0	0	0	0	0	0	0	1	99.99%
1101	얼굴부심	얼굴	자부심	등재	0	0	0	0	0	0	0	0	0	0	1	0	0	0	1	99.99%
1102	엉벅지	엉덩이	허벅지		0	0	0	0	0	0	1	0	0	0	0	0	0	0	1	99.99%
1103	엉부심	엉덩이	자부심		0	0	0	0	0	0	0	0	1	0	0	0	0	0	1	99.99%
1104	에듀도네이션	에듀케이션	도네이션		0	1	0	0	0	0	0	0	0	0	0	0	0	0	1	99.99%
1105	에캉스	에어비앤비	바캉스		0	0	0	0	0	0	0	0	0	1	0	0	0	0	1	99.99%
1106	엔터타이징	엔터테인먼트	애드버타이징		0	0	0	0	0	0	1	0	0	0	0	0	0	0	1	99.99%
1107	엘파라치	엘피지(LPG)	파파라치		0	0	1	0	0	0	0	0	0	0	0	0	0	0	1	99.99%
1108	오일플레이션	오일	인플레이션	등재	0	0	0	0	0	0	0	0	0	0	0	0	0	1	1	99.99%
1109	와돋이	와우	해돋이		0	0	0	0	0	0	0	0	0	0	0	0	1	0	1	99.99%
1110	와캉스	와인	바캉스		0	0	0	0	0	0	0	0	0	0	0	0	0	1	1	99.99%
1111	워크던트	워커	스튜던트		0	0	1	0	0	0	0	0	0	0	0	0	0	0	1	99.99%
1112	워크테인먼트	워크	엔터테인먼트		0	0	0	0	1	0	0	0	0	0	0	0	0	0	1	99.99%
1113	유니셔티브	윤	이니셔티브		0	0	0	0	1	0	0	0	0	0	0	0	0	0	1	99.99%
1114	유저머	유저	컨슈머	등재	0	0	0	0	1	0	0	0	0	0	0	0	0	0	1	99.99%
1115	이딩크	이천수	히딩크		0	0	0	0	0	0	0	0	0	0	0	0	1	0	1	99.99%
1116	이자테크	이자	재테크		0	0	0	0	0	0	0	0	1	0	0	0	0	0	1	99.99%
1117	이캉스	이마트	바캉스		0	0	0	0	0	0	0	0	1	0	0	0	0	0	1	99.99%
1118	이티즌	이€	시티즌	등재	0	0	0	0	0	0	0	0	0	0	0	1	0	0	1	99.99%
1119	인포우미	인포메이션	도우미		1	0	0	0	0	0	0	0	0	0	0	0	0	0	1	99.99%
1120	일파라치	일회용품	파파라치		1	0	0	0	0	0	0	0	0	0	0	0	0	0	1	99.99%
1121	입퇴양난	입사	진퇴양난	등재	0	0	0	0	0	0	0	0	0	0	1	0	0	0	1	99.99%
1122	자슬아치	자지	벼슬아치		0	0	0	0	0	0	0	0	1	0	0	0	0	0	1	99.99%
1123	자파라치	자판기	파파라치	등재	0	1	0	0	0	0	0	0	0	0	0	0	0	0	1	99.99%
1124	잡캉스	잡(job)	바캉스		0	0	0	0	0	0	0	0	0	0	0	0	1	0	1	99.99%
1125	전프리카	전주	아프리카	등재	0	0	0	0	0	0	0	0	0	0	0	0	1	0	1	99.99%
1126	제물템	제물	아이템	등재	0	0	0	0	0	0	0	1	0	0	0	0	0	0	1	99.99%
1127	주경야디	주경야독	디제잉		0	0	0	0	0	0	0	0	0	1	0	0	0	0	1	99.99%
1128	주캉스	주(株)	바캉스		0	0	0	0	0	0	0	0	0	0	0	1	0	0	1	99.99%
1129	줌마파탈	아줌마	팜므파탈	등재	0	0	0	0	0	0	0	1	0	0	0	0	0	0	1	99.99%
1130	중년파탈	중년	팜므파탈	등재	0	0	0	0	0	0	0	0	1	0	0	0	0	0	1	99.99%
1131	청세권	청와대	역세권		0	0	0	0	0	0	0	0	0	0	1	0	0	0	1	99.99%
1132	최강템	최강	아이템		0	0	0	0	0	0	0	0	0	0	0	0	0	1	1	99.99%
1133	춤부심	춤	자부심		0	0	0	0	0	0	0	0	0	0	0	0	0	1	1	99.99%
1134	치맥지교	치맥	관포지교	등재	0	0	0	0	0	0	0	0	0	1	0	0	0	0	1	99.99%
1135	치중진담	치킨	취중진담	등재	0	0	0	0	0	0	0	0	0	1	0	0	0	0	1	99.99%
1136	캘리차이나	캘리포니아	차이나	등재	0	0	0	0	0	0	0	0	0	1	0	0	0	0	1	99.99%
1137	캠스토랑	캠핑	레스토랑		0	0	0	0	0	0	0	0	0	0	0	0	0	1	1	100.00%
1138	캡슐텔	캡슐	호텔		0	0	0	0	0	1	0	0	0	0	0	0	0	0	1	100.00%
1139	콕캉스	콕	바캉스		0	0	0	0	0	0	0	0	0	0	0	0	1	0	1	100.00%
1140	콘캉스	콘서트	바캉스		0	0	0	0	0	0	0	0	0	0	0	1	0	0	1	100.00%
1141	타락토비	타락	텔레토비		0	1	0	0	0	0	0	0	0	0	0	0	0	0	1	100.00%
1142	테슬람	테슬라	이슬람		0	0	0	0	0	0	0	0	0	0	0	0	1	0	1	100.00%
1143	테이스테셔널	테이스트	프로페셔널	등재	0	0	0	0	0	0	0	0	0	0	0	1	0	0	1	100.00%
1144	텔캉스	텔레비전	바캉스		0	0	0	0	0	0	0	0	0	0	1	0	0	0	1	100.00%
1145	트라이투어슈머	트라이투어(trytour)	컨슈머	등재	0	0	0	0	1	0	0	0	0	0	0	0	0	0	1	100.00%
1146	트레이서빌리티	트레이스	어빌리티	등재	0	0	0	0	0	0	0	0	0	0	0	1	0	0	1	100.00%
1147	티티테인먼트	티티	엔터테인먼트		1	0	0	0	0	0	0	0	0	0	0	0	0	0	1	100.00%
1148	평부심	평양냉면	자부심	등재	0	0	0	0	0	0	0	0	0	1	0	0	0	0	1	100.00%
1149	폐저씨	폐(廢)	아저씨		0	0	0	0	0	0	0	0	0	1	0	0	0	0	1	100.00%
1150	포카락	포크	숟가락		0	0	0	0	0	0	0	0	0	0	0	0	0	1	1	100.00%
1151	폰라니	핸드폰	고라니		0	0	0	0	0	0	0	0	0	0	1	0	0	0	1	100.00%
1152	플랜데믹	플랜	팬데믹		0	0	0	0	0	0	0	0	0	0	0	1	0	0	1	100.00%
1153	피자테리아	피자	카페테리아		1	0	0	0	0	0	0	0	0	0	0	0	0	0	1	100.00%
1154	픽처리어	픽처	인테리어	등재	0	0	0	0	0	0	0	1	0	0	0	0	0	0	1	100.00%
1155	한베리아	한국	시베리아		0	0	0	0	0	0	0	0	0	0	0	0	1	0	1	100.00%
1156	할밍아웃	할머니	커밍아웃		0	0	0	0	0	0	0	0	0	0	0	0	1	0	1	100.00%
1157	헤친자	헤어질결심	미친자		0	0	0	0	0	0	0	0	0	0	0	0	0	1	1	100.00%
1158	헬스로빅	헬스	에어로빅		0	0	0	0	1	0	0	0	0	0	0	0	0	0	1	100.00%
1159	헬피엔딩	헬	해피엔딩		0	0	0	0	0	0	0	0	0	1	0	0	0	0	1	100.00%
1160	현물깡	현물	와리깡		0	0	0	1	0	0	0	0	0	0	0	0	0	0	1	100.00%
1161	호수프레	호수비	코스프레		0	0	0	0	0	0	0	1	0	0	0	0	0	0	1	100.00%
1162	혼부대	혼자	부대찌개		0	1	0	0	0	0	0	0	0	0	0	0	0	0	1	100.00%
1163	혼와인	혼자	와인		0	0	1	0	0	0	0	0	0	0	0	0	0	0	1	100.00%
1164	힙부심	힙합	자부심	등재	0	0	0	0	0	0	0	1	0	0	0	0	0	0	1	100.00%
